model,held_out_satellite,raw_brier,calibrated_brier,raw_logloss,calibrated_logloss,raw_ece,calibrated_ece,raw_mce,calibrated_mce
horizon_only,GPS BIIR-2,0.24840635061264038,0.059791915118694305,0.6923744082450867,0.23391464352607727,0.47075421626076985,0.18842084021033612,0.6935591092476479,0.4266027202972999
horizon_only,Hubble Space Telescope,0.1847052127122879,0.1927071362733841,0.5575610995292664,0.5566638112068176,0.1969836402674015,0.16259703472131437,0.27839580023219823,0.4192959470995541
horizon_only,ISS,0.15880124270915985,0.29244399070739746,0.49380093812942505,0.8584340214729309,0.09924338620442608,0.30653755170508074,0.11997585637228825,0.6006504808153424
horizon_only,NOAA 19,0.24663867056369781,0.07842917740345001,0.6907185912132263,0.27683019638061523,0.46636736940179857,0.21840383183657672,0.7299562096595764,0.5169199109077454
horizon_only,Sentinel-1A,0.21479037404060364,0.10500255227088928,0.6205451488494873,0.343849778175354,0.3302994578550562,0.017487421554078262,0.386738053389958,0.032672590443066196
horizon_only,TDRS-5,0.24850371479988098,0.06627076864242554,0.6920325756072998,0.24867697060108185,0.45585790403732435,0.16908066719770432,0.6353844736897668,0.35900408376094906
horizon_age,GPS BIIR-2,0.23882853984832764,0.07058192044496536,0.671711802482605,0.26866385340690613,0.4507259048302384,0.21800017778706898,0.9047185182571411,0.7810438871383667
horizon_age,Hubble Space Telescope,0.18314793705940247,0.21098926663398743,0.5546581745147705,0.6380003690719604,0.11681151613384402,0.16489771509370887,0.20759044994007458,0.4646194577217102
horizon_age,ISS,0.15771415829658508,0.28216663002967834,0.491182416677475,0.8106861710548401,0.09957143139953795,0.2917257423512638,0.4023696333169937,0.5994058549404144
horizon_age,NOAA 19,0.19275890290737152,0.06979718804359436,0.5671525001525879,0.2634887993335724,0.3975159833843683,0.2134858404197172,0.7317802309989929,0.6220865249633789
horizon_age,Sentinel-1A,0.18231409788131714,0.12610821425914764,0.5512733459472656,0.3978717029094696,0.23964748335449118,0.050406637414691924,0.6714495911317713,0.9023908972740173
horizon_age,TDRS-5,0.3128812611103058,0.1130686029791832,0.8470961451530457,0.3704601526260376,0.5134601033315427,0.2574864481007907,0.7746723786644314,0.6276513934135437
full_orbital,GPS BIIR-2,0.003987996838986874,0.003610252635553479,0.029756732285022736,0.018606241792440414,0.01623380640247727,0.0011105497696382157,0.1186954453587532,0.0011105497696382157
full_orbital,Hubble Space Telescope,0.22345419228076935,0.16120082139968872,0.664885938167572,0.5082111358642578,0.28446601247754083,0.14271794351376071,0.37898605603438157,0.39444520473480227
full_orbital,ISS,0.19654063880443573,0.2642081081867218,0.605309784412384,0.9370800256729126,0.16668740712965913,0.28177644457453144,0.546088182926178,0.6407780134015613
full_orbital,NOAA 19,0.0009115091525018215,9.012284135678783e-05,0.01977132260799408,0.004815887194126844,0.01929206325360242,0.00476970337331295,0.13336431980133057,0.00476970337331295
full_orbital,Sentinel-1A,0.22770625352859497,0.15602357685565948,0.6542778015136719,0.4712734520435333,0.34309954843207313,0.1931424011531649,0.48216764089909003,0.5024734499842621
full_orbital,TDRS-5,0.024204164743423462,0.024376600980758667,0.13792948424816132,0.20066103339195251,0.020973493322366622,0.02416323284617137,0.020973493322366622,0.02416323284617137
