bin,bin_lower,bin_upper,mean_predicted,observed_frequency,count,model,held_out_satellite,calibration
0,0.0,0.1,0.04659200459718704,0.15057915057915058,259,full_orbital,ISS,raw
1,0.1,0.2,0.13995952904224396,0.4605263157894737,76,full_orbital,ISS,raw
2,0.2,0.30000000000000004,0.24373120069503784,0.5,48,full_orbital,ISS,raw
3,0.30000000000000004,0.4,0.353911817073822,0.9,10,full_orbital,ISS,raw
4,0.4,0.5,0.4562905430793762,0.625,8,full_orbital,ISS,raw
5,0.5,0.6000000000000001,0.5475336313247681,0.8823529411764706,17,full_orbital,ISS,raw
6,0.6000000000000001,0.7000000000000001,0.6561219692230225,0.8846153846153846,26,full_orbital,ISS,raw
7,0.7000000000000001,0.8,0.7547944784164429,0.8108108108108109,37,full_orbital,ISS,raw
8,0.8,0.9,0.840255618095398,0.875,32,full_orbital,ISS,raw
9,0.9,1.0,0.921866238117218,0.7142857142857143,7,full_orbital,ISS,raw
0,0.0,0.1,0.022110631689429283,0.2597402597402597,385,full_orbital,ISS,calibrated
1,0.1,0.2,0.15051299333572388,0.7333333333333333,15,full_orbital,ISS,calibrated
2,0.2,0.30000000000000004,0.24811087548732758,0.8888888888888888,18,full_orbital,ISS,calibrated
3,0.30000000000000004,0.4,0.35642269253730774,0.88,25,full_orbital,ISS,calibrated
4,0.4,0.5,0.44464150071144104,0.8947368421052632,19,full_orbital,ISS,calibrated
5,0.5,0.6000000000000001,0.5490175485610962,0.7931034482758621,29,full_orbital,ISS,calibrated
6,0.6000000000000001,0.7000000000000001,0.6410019397735596,0.8235294117647058,17,full_orbital,ISS,calibrated
7,0.7000000000000001,0.8,0.7409926652908325,1.0,7,full_orbital,ISS,calibrated
8,0.8,0.9,0.8248562812805176,0.6,5,full_orbital,ISS,calibrated
9,0.9,1.0,,,0,full_orbital,ISS,calibrated
