model,held_out_satellite,threshold,validation_f1,raw_roc_auc,raw_pr_auc,raw_brier,raw_logloss,raw_f1,calibrated_roc_auc,calibrated_pr_auc,calibrated_brier,calibrated_logloss,calibrated_f1
horizon_only,GPS BIIR-2,0.195,0.47547169811320755,0.8819188191881918,0.015384615384615385,0.24840635061264038,0.6923744082450867,0.007326007326007326,0.8819188191881918,0.015384615384615385,0.059791915118694305,0.23391464352607727,0.030303030303030304
horizon_only,Hubble Space Telescope,0.16,0.39598278335724535,0.8438633396199042,0.6527853155635337,0.1847052127122879,0.5575610995292664,0.4808510638297872,0.8438633396199042,0.6527853155635337,0.1927071362733841,0.5566638112068176,0.66
horizon_only,ISS,0.105,0.34519572953736655,0.8454986160174948,0.7419221972936356,0.15880124270915985,0.49380093812942505,0.5811732605729877,0.8454986160174948,0.7419221972936356,0.29244399070739746,0.8584340214729309,0.6144578313253012
horizon_only,NOAA 19,0.11,0.5266005410279531,,,0.24663867056369781,0.6907185912132263,0.0,,,0.07842917740345001,0.27683019638061523,0.0
horizon_only,Sentinel-1A,0.18000000000000002,0.44617784711388453,0.7713801681248929,0.2974809804856503,0.21479037404060364,0.6205451488494873,0.24507042253521127,0.7713801681248929,0.2974809804856503,0.10500255227088928,0.343849778175354,0.43946188340807174
horizon_only,TDRS-5,0.19,0.4684014869888476,0.8093750000000001,0.0636892177589852,0.24850371479988098,0.6920325756072998,0.047619047619047616,0.8093750000000001,0.0636892177589852,0.06627076864242554,0.24867697060108185,0.1276595744680851
horizon_age,GPS BIIR-2,0.18500000000000003,0.4801627670396745,0.996309963099631,0.5,0.23882853984832764,0.671711802482605,0.007751937984496124,0.996309963099631,0.5,0.07058192044496536,0.26866385340690613,0.01694915254237288
horizon_age,Hubble Space Telescope,0.17500000000000002,0.3857988165680473,0.7458835050050776,0.6154330909275698,0.18314793705940247,0.5546581745147705,0.48826291079812206,0.7458835050050776,0.6154330909275698,0.21098926663398743,0.6380003690719604,0.6060606060606061
horizon_age,ISS,0.15000000000000002,0.3495798319327731,0.8564328424400911,0.7953366769761653,0.15771415829658508,0.491182416677475,0.5938375350140056,0.8564328424400911,0.7953366769761653,0.28216663002967834,0.8106861710548401,0.6666666666666666
horizon_age,NOAA 19,0.275,0.5172413793103449,,,0.19275890290737152,0.5671525001525879,0.0,,,0.06979718804359436,0.2634887993335724,0.0
horizon_age,Sentinel-1A,0.17500000000000002,0.43050430504305043,0.7203422542460114,0.25389455095512364,0.18231409788131714,0.5512733459472656,0.27564102564102566,0.7203422542460114,0.25389455095512364,0.12610821425914764,0.3978717029094696,0.3466666666666667
horizon_age,TDRS-5,0.22,0.48427672955974843,0.8101562500000001,0.07176166266871933,0.3128812611103058,0.8470961451530457,0.050314465408805034,0.8101562500000001,0.07176166266871933,0.1130686029791832,0.3704601526260376,0.09523809523809523
full_orbital,GPS BIIR-2,0.43,0.7140695915279879,0.966789667896679,0.1,0.003987996838986874,0.029756732285022736,0.0,0.966789667896679,0.1,0.003610252635553479,0.018606241792440414,0.0
full_orbital,Hubble Space Telescope,0.47000000000000003,0.7429718875502008,0.8642463368634847,0.6633393931797527,0.22345419228076935,0.664885938167572,0.6453488372093024,0.8642463368634847,0.6633393931797527,0.16120082139968872,0.5082111358642578,0.7007299270072993
full_orbital,ISS,0.49,0.6990291262135923,0.8414690094967198,0.7522868895738561,0.19654063880443573,0.605309784412384,0.6126126126126126,0.8414690094967198,0.7522868895738561,0.2642081081867218,0.9370800256729126,0.34686346863468637
full_orbital,NOAA 19,0.45,0.7250384024577573,,,0.0009115091525018215,0.01977132260799408,0.0,,,9.012284135678783e-05,0.004815887194126844,0.0
full_orbital,Sentinel-1A,0.44,0.7329192546583851,0.7980892949047864,0.3711230631291064,0.22770625352859497,0.6542778015136719,0.3605769230769231,0.7980892949047864,0.3711230631291064,0.15602357685565948,0.4712734520435333,0.4233576642335766
full_orbital,TDRS-5,0.465,0.71875,0.709375,0.04901241301796665,0.024204164743423462,0.13792948424816132,0.0,0.709375,0.04901241301796665,0.024376600980758667,0.20066103339195251,0.0
