feature,display_name,smd,abs_smd,ks_distance,normalized_gain
apoapsis,Apoapsis,-0.7986710738754561,0.7986710738754561,1.0,0.27249153475463916
semimajor_axis,Semimajor axis,-0.7990801641684223,0.7990801641684223,1.0,0.15595700708437568
horizon_hours,Prediction horizon,-0.045445643448914844,0.045445643448914844,0.020519328387348712,0.14445161722061192
mean_motion,Mean motion,0.9982973318636216,0.9982973318636216,1.0,0.10991022093821688
periapsis,Periapsis,-0.7994966173663648,0.7994966173663648,1.0,0.0525412145500145
bstar,BSTAR,1.1398703212349357,1.1398703212349357,0.734556813744631,0.04418558808535992
period,Period,-0.7815601848658846,0.7815601848658846,1.0,0.04051237633149995
mean_motion_dot,Mean motion dot,2.860961273021506,2.860961273021506,0.8223350253807107,0.037025120911250695
inclination,Inclination,-1.248676391086752,1.248676391086752,0.8223350253807107,0.03034726505996842
source_tle_age_hours,TLE age,0.49049683157224,0.49049683157224,0.38812963686060137,0.02906802716086664
arg_of_pericenter,Argument of pericenter,0.6689576658378895,0.6689576658378895,0.5069894572432644,0.024470263395125664
ra_of_asc_node,RA of ascending node,-0.7196983832567366,0.7196983832567366,0.4736333463490824,0.02231650629959537
eccentricity,Eccentricity,-0.8175891843188157,0.8175891843188157,0.5228426395939086,0.020952825910266412
mean_anomaly,Mean anomaly,-0.8839805724335492,0.8839805724335492,0.5786899648574775,0.015770432298208775
mean_motion_ddot,Mean motion d-dot,0.0,0.0,0.0,0.0
