feature,display_name,reference_n,target_n,reference_mean,target_mean,reference_std,target_std,reference_median,target_median,smd,abs_smd,ks_distance,interpretation
inclination,Inclination,1576,520,76.65514251269036,51.631782692307695,28.340709461767624,0.0010121651479109463,98.1822,51.6318,-1.248676391086752,1.248676391086752,0.8223350253807107,large
bstar,BSTAR,1576,520,0.00011472725355329949,0.0002285813605923077,0.00012799793060137518,5.974873448780701e-05,7.3378105e-05,0.00024415,1.1398703212349355,1.1398703212349355,0.734556813744631,large
mean_motion,Mean motion,1576,520,11.817538320057107,15.495214679538462,5.209889695024493,0.002896409808509942,14.13421169,15.4961803,0.9982973318636216,0.9982973318636216,1.0,large
eccentricity,Eccentricity,1576,520,0.0030386650380710653,0.00037087071153846154,0.004613991608077134,7.3705500170404e-05,0.0013244,0.00034959,-0.8175891843188156,0.8175891843188156,0.5228426395939086,large
periapsis,Periapsis,1576,520,4899.450538705583,415.60656538461535,7931.381802500844,0.8509355836875053,837.041,415.5535,-0.7994966173663648,0.7994966173663648,1.0,large
semimajor_axis,Semimajor axis,1576,520,11348.464635152284,6796.262126923077,8056.496430400759,0.8470198279078762,7225.825,6795.98,-0.7990801641684224,0.7990801641684224,1.0,large
apoapsis,Apoapsis,1576,520,5041.208786167513,420.64766153846153,8181.66622376863,1.1012849793943595,857.26,420.598,-0.7986710738754561,0.7986710738754561,1.0,large
source_tle_age_hours,TLE age,1576,520,6.709785029712354,8.740254354000001,4.7217581979653644,3.4609055930285586,4.986226311111111,8.499200613333333,0.4904968315722401,0.4904968315722401,0.38812963686060137,moderate
horizon_hours,Prediction horizon,1576,520,22.416243654822335,21.692307692307693,16.0969866875945,15.76065986209247,12.0,12.0,-0.045445643448914844,0.045445643448914844,0.020519328387348712,negligible
