feature,display_name,smd,abs_smd,ks_distance,reference_mean,target_mean,reference_std,target_std,held_out_satellite
eccentricity,Eccentricity,6.430213251355777,6.430213251355777,1.0,0.0012778258563535913,0.012640207463235294,0.0024976836680259715,7.980230979903173e-05,GPS BIIR-2
apoapsis,Apoapsis,4.827889737395997,4.827889737395997,1.0,2210.7839966850825,20517.56211764706,5362.527574721122,2.1379284747692573,GPS BIIR-2
period,Period,4.807792030125876,4.807792030125876,0.9204419889502763,146.73860552486187,717.9616764705883,168.0254488972006,0.0006240251785525829,GPS BIIR-2
semimajor_axis,Semimajor axis,4.806466226811934,4.806466226811934,0.9204419889502763,8565.00034917127,26559.973591911763,5294.687201233386,0.018943663050181615,GPS BIIR-2
periapsis,Periapsis,4.7844844576393,4.7844844576393,0.9204419889502763,2162.9467320441986,19846.11505882353,5226.8482996165485,2.1016223210396068,GPS BIIR-2
mean_motion,Mean motion,-4.753960173503491,4.753960173503491,0.9204419889502763,13.791637855552485,2.0056784291911764,3.506100820792633,2.1408277031814045e-06,GPS BIIR-2
arg_of_pericenter,Argument of pericenter,1.872906793074988,1.872906793074988,0.7922651933701658,152.66743430939226,301.6684290441176,112.50887956683886,0.26459865744619687,GPS BIIR-2
bstar,BSTAR,-1.7839825273211127,1.7839825273211127,0.912707182320442,0.0001603964374364641,0.0,0.00012715080652701114,0.0,GPS BIIR-2
mean_motion_dot,Mean motion dot,-1.1060281735262127,1.1060281735262127,0.8556711082222944,5.008654696132597e-05,3.8224264705882356e-07,6.355317883064191e-05,3.207045517915683e-07,GPS BIIR-2
inclination,Inclination,-0.917181287637259,0.917181287637259,0.6049723756906078,73.05616375690606,54.89268125,28.006505845010796,0.0035644795270685105,GPS BIIR-2
source_tle_age_hours,TLE age,0.49304716220214095,0.49304716220214095,0.3640030874228144,6.673939880186618,9.141457419313724,4.509892778984619,5.4546737882459375,GPS BIIR-2
mean_anomaly,Mean anomaly,-0.28176070748106946,0.28176070748106946,0.5490412739681507,207.52274425414362,179.68852610294118,112.60380917167811,82.69230381144129,GPS BIIR-2
ra_of_asc_node,RA of ascending node,0.08335709021989855,0.08335709021989855,0.6027624309392265,215.97317955801103,222.84538051470585,116.59046708949049,0.5738357222996746,GPS BIIR-2
horizon_hours,Prediction horizon,0.010987039044809889,0.010987039044809889,0.02575560610984723,22.302762430939225,22.477941176470587,16.10238946501588,15.784277717142384,GPS BIIR-2
mean_motion_ddot,Mean motion d-dot,0.0,0.0,0.0,0.0,0.0,0.0,0.0,GPS BIIR-2
inclination,Inclination,-3.110139952333462,3.110139952333462,1.0,78.16159688041594,28.468115966386552,22.59615178019012,0.001904385087282497,Hubble Space Telescope
bstar,BSTAR,2.1597158132600582,2.1597158132600582,0.7642980935875217,0.00010832292361640669,0.00030627778257703083,9.685228133093647e-05,8.615074114667342e-05,Hubble Space Telescope
mean_motion_dot,Mean motion dot,1.1076229579417658,1.1076229579417658,0.7487001733102253,3.5952484113229346e-05,8.785170868347338e-05,6.181413200522773e-05,2.387587822125596e-05,Hubble Space Telescope
mean_motion,Mean motion,0.8571611255988719,0.8571611255988719,0.7487001733102253,12.18439512751011,15.278267142436977,5.10451876517664,0.0029148390628039433,Hubble Space Telescope
eccentricity,Eccentricity,-0.8269556099339275,0.8269556099339275,0.6372039283651069,0.002808303639514732,0.00019809865546218487,0.0044636909992105825,3.492350212959933e-05,Hubble Space Telescope
apoapsis,Apoapsis,-0.7376600562001349,0.7376600562001349,0.7487001733102253,4616.4104615829,483.6715910364145,7923.128396177359,0.694735759911063,Hubble Space Telescope
semimajor_axis,Semimajor axis,-0.7375968855945279,0.7375968855945279,0.7487001733102253,10929.731953783941,6860.447571428571,7802.144015362202,0.8725621986596184,Hubble Space Telescope
periapsis,Periapsis,-0.7375267384218989,0.7375267384218989,0.7487001733102253,4486.783462738302,480.9535266106442,7681.211641102256,1.0746279484175996,Hubble Space Telescope
period,Period,-0.7265827869197443,0.7265827869197443,0.7487001733102253,221.54716811091853,94.25147338935574,247.7670826728877,0.017932222362922162,Hubble Space Telescope
source_tle_age_hours,TLE age,0.6056382490796897,0.6056382490796897,0.28913194393875397,6.506813278705951,10.275474161618426,4.1846328747819,7.741512752817793,Hubble Space Telescope
ra_of_asc_node,RA of ascending node,-0.4057503624373049,0.4057503624373049,0.3663690779604736,220.20829555170423,175.89464173669467,109.5494440193792,108.877689288424,Hubble Space Telescope
arg_of_pericenter,Argument of pericenter,-0.11075873145268565,0.11075873145268565,0.17162081470369783,167.8921709994223,155.2201599439776,118.99298232923101,109.63757799944494,Hubble Space Telescope
mean_anomaly,Mean anomaly,-0.012381901868484558,0.012381901868484558,0.16173679177043432,206.22334205661465,204.8465226890756,112.72184331819359,109.64915606928706,Hubble Space Telescope
horizon_hours,Prediction horizon,0.01055619181094808,0.01055619181094808,0.02089431959959026,22.419410745233968,22.58823529411765,16.10348592210176,15.881625892149362,Hubble Space Telescope
mean_motion_ddot,Mean motion d-dot,0.0,0.0,0.0,0.0,0.0,0.0,0.0,Hubble Space Telescope
mean_motion_dot,Mean motion dot,2.860961273021506,2.860961273021506,0.8223350253807107,1.9397664974619295e-05,0.00012400407692307692,3.914274842697189e-05,3.378767001442546e-05,ISS
inclination,Inclination,-1.248676391086752,1.248676391086752,0.8223350253807107,76.65514251269036,51.631782692307695,28.340709461767624,0.0010121651479109463,ISS
bstar,BSTAR,1.1398703212349357,1.1398703212349357,0.734556813744631,0.00011472725355329949,0.0002285813605923077,0.00012799793060137518,5.974873448780701e-05,ISS
mean_motion,Mean motion,0.9982973318636216,0.9982973318636216,1.0,11.817538320057107,15.495214679538462,5.209889695024493,0.002896409808509942,ISS
mean_anomaly,Mean anomaly,-0.8839805724335492,0.8839805724335492,0.5786899648574775,235.63662487309645,154.40739,95.36254503369607,88.28157986318078,ISS
eccentricity,Eccentricity,-0.8175891843188157,0.8175891843188157,0.5228426395939086,0.0030386650380710653,0.00037087071153846154,0.004613991608077134,7.3705500170404e-05,ISS
periapsis,Periapsis,-0.7994966173663648,0.7994966173663648,1.0,4899.450538705583,415.60656538461535,7931.381802500844,0.8509355836875053,ISS
semimajor_axis,Semimajor axis,-0.7990801641684223,0.7990801641684223,1.0,11348.464635152284,6796.262126923077,8056.496430400759,0.8470198279078762,ISS
apoapsis,Apoapsis,-0.7986710738754561,0.7986710738754561,1.0,5041.208786167513,420.64766153846153,8181.66622376863,1.1012849793943595,ISS
period,Period,-0.7815601848658846,0.7815601848658846,1.0,234.44744796954316,92.93191346153846,256.06881159364946,0.017365009542047276,ISS
ra_of_asc_node,RA of ascending node,-0.7196983832567366,0.7196983832567366,0.4736333463490824,239.72873267766494,172.48813057692308,104.66953320195285,80.63618254832427,ISS
arg_of_pericenter,Argument of pericenter,0.6689576658378895,0.6689576658378895,0.5069894572432644,139.85564790609138,205.68124980769232,107.59167568683993,88.25672736551121,ISS
source_tle_age_hours,TLE age,0.49049683157224,0.49049683157224,0.38812963686060137,6.709785029712354,8.740254354000001,4.7217581979653644,3.4609055930285586,ISS
horizon_hours,Prediction horizon,-0.045445643448914844,0.045445643448914844,0.020519328387348712,22.416243654822335,21.692307692307693,16.0969866875945,15.76065986209247,ISS
mean_motion_ddot,Mean motion d-dot,0.0,0.0,0.0,0.0,0.0,0.0,0.0,ISS
ra_of_asc_node,RA of ascending node,-2.2843103283249633,2.2843103283249633,0.8733681462140992,201.50990065274152,44.76533672230652,95.59324742034264,16.696161134118856,NOAA 19
inclination,Inclination,2.020257391074974,2.020257391074974,1.0,62.568395822454306,98.97771092564491,25.487122217696264,0.0021199376802208364,NOAA 19
mean_motion_dot,Mean motion dot,-1.252754362437187,1.252754362437187,0.7060543508837268,5.880890992167102e-05,8.757814871016692e-07,6.539862607133277e-05,3.825750071164158e-07,NOAA 19
bstar,BSTAR,-0.891075244089931,0.891075244089931,0.4886914266017425,0.000161989005366188,7.057743826403642e-05,0.0001436429758578108,2.0355400026908456e-05,NOAA 19
period,Period,-0.7276840300518141,0.7276840300518141,0.7748041775456919,235.70933289817233,101.87952352048558,260.0908136707422,0.0004998258548867657,NOAA 19
periapsis,Periapsis,-0.7104140698271998,0.7104140698271998,0.7748041775456919,4896.2109027415145,837.9527071320183,8078.730441295371,0.4266938220145815,NOAA 19
semimajor_axis,Semimajor axis,-0.7098111252076492,0.7098111252076492,0.7748041775456919,11344.672349216711,7225.783383915023,8206.392418719433,0.01649729965464041,NOAA 19
apoapsis,Apoapsis,-0.7092219460976893,0.7092219460976893,0.7748041775456919,5036.8638590078335,857.344057663126,8334.109813016734,0.39649208359537674,NOAA 19
mean_anomaly,Mean anomaly,-0.6832194087023015,0.6832194087023015,0.5711488250652741,197.59299941253263,143.31018558421852,101.25054675562946,48.717673712706876,NOAA 19
mean_motion,Mean motion,0.5154853073018014,0.5154853073018014,0.774804177545692,12.138217738041774,14.134334157298937,5.4762664853727605,4.8380695954314124e-05,NOAA 19
arg_of_pericenter,Argument of pericenter,0.4600339012355324,0.4600339012355324,0.49869451697127937,178.31075587467362,216.75056540212444,107.69441362315013,48.641624617467734,NOAA 19
source_tle_age_hours,TLE age,-0.4579343625905485,0.4579343625905485,0.28779561563726985,7.3003258370351025,5.492498914341595,4.897791797124605,2.6798630722446433,NOAA 19
eccentricity,Eccentricity,-0.42085312611281467,0.42085312611281467,0.7748041775456919,0.0027729411422976503,0.0013418140060698028,0.004808749950043928,5.695749278125764e-05,NOAA 19
horizon_hours,Prediction horizon,-0.04285558736383313,0.04285558736383313,0.017512094042322207,22.472584856396868,21.787556904400606,16.07448876741898,15.894133897462936,NOAA 19
mean_motion_ddot,Mean motion d-dot,0.0,0.0,0.0,0.0,0.0,0.0,0.0,NOAA 19
inclination,Inclination,1.9228120712814836,1.9228120712814836,0.6887589343729694,62.980412800519815,98.18051765650081,25.889407714638256,0.0005743244017748373,Sentinel-1A
mean_motion_dot,Mean motion dot,-1.2080237704837555,1.2080237704837555,0.46458739441195585,5.795795971410007e-05,1.6596147672552168e-06,6.58632386627618e-05,2.41629746109393e-06,Sentinel-1A
arg_of_pericenter,Argument of pericenter,-1.2038380898560228,1.2038380898560228,0.6647173489278753,191.29155834957766,86.92575136436596,122.57772321683821,2.5452179215148845,Sentinel-1A
bstar,BSTAR,-1.136778527742991,1.136778527742991,0.5021646917960736,0.00016534656704288498,4.490988404173355e-05,0.00014078829389835057,5.126008729937821e-05,Sentinel-1A
mean_anomaly,Mean anomaly,1.0556137446723177,1.0556137446723177,0.6614684860298895,184.5548673814165,273.2086807383627,118.74289868223936,2.5451102325822657,Sentinel-1A
eccentricity,Eccentricity,-0.9285897685157851,0.9285897685157851,0.9012345679012346,0.0031578729759584143,0.00012655751203852328,0.004616599506282566,1.9285100139877375e-06,Sentinel-1A
source_tle_age_hours,TLE age,-0.785908940657463,0.785908940657463,0.4971073126011033,7.734612863325392,4.53422944329588,4.638124590871393,3.4137267393270125,Sentinel-1A
period,Period,-0.7498139290669638,0.7498139290669638,0.5354126055880442,236.08111565951916,98.68399999999997,259.1427777801172,2.844454728819133e-14,Sentinel-1A
apoapsis,Apoapsis,-0.7451959607143556,0.7451959607143556,0.5354126055880442,5067.290495776479,696.654014446228,8294.480531221583,0.014677392002230382,Sentinel-1A
semimajor_axis,Semimajor axis,-0.744229786573892,0.744229786573892,0.5354126055880442,11372.540057179987,7073.893796147674,8168.450056509331,0.004336918230028395,Sentinel-1A
periapsis,Periapsis,-0.743228266164536,0.743228266164536,0.5354126055880442,4921.5196705653025,694.8635280898876,8042.474583231175,0.013975705748504945,Sentinel-1A
mean_motion,Mean motion,0.6762268821405178,0.6762268821405178,0.5354126055880442,12.006878208667967,14.592004719903693,5.40635261505164,1.3383401919430297e-05,Sentinel-1A
ra_of_asc_node,RA of ascending node,0.36272453119194425,0.36272453119194425,0.44780177660130355,196.1423160493827,245.21698073836276,118.65199805307182,150.1031394693519,Sentinel-1A
horizon_hours,Prediction horizon,-0.07919894063402291,0.07919894063402291,0.03056434260849794,22.42495126705653,21.168539325842698,16.07957459114152,15.645453988288637,Sentinel-1A
mean_motion_ddot,Mean motion d-dot,0.0,0.0,0.0,0.0,0.0,0.0,0.0,Sentinel-1A
periapsis,Periapsis,4.089910976358219,4.089910976358219,1.0,2695.536251205142,19925.466865853658,5957.782858067148,0.374017445287147,TDRS-5
period,Period,4.069860205090411,4.069860205090411,1.0,164.1771735404392,717.9769024390243,192.43685236754268,0.000567196443976777,TDRS-5
semimajor_axis,Semimajor axis,4.068991257502963,4.068991257502963,1.0,9114.36692501339,26560.354317073172,6063.505772664567,0.012218238453159752,TDRS-5
apoapsis,Apoapsis,4.0487877004465185,4.0487877004465185,0.8923406534547402,2776.9276325656137,20438.971871951224,6169.22997939574,0.3524802070845693,TDRS-5
mean_motion,Mean motion,-4.035877471762661,4.035877471762661,1.0,13.431812216711302,2.005635296768293,4.003851573620603,1.3882256565637557e-06,TDRS-5
eccentricity,Eccentricity,2.826361371215861,2.826361371215861,0.8923406534547402,0.0018979825174076056,0.009666756951219513,0.0038872022033127956,1.3678282611051286e-05,TDRS-5
bstar,BSTAR,-1.7153568536153903,1.7153568536153903,0.8848419925013391,0.00015549949210498122,0.0,0.00012820043258841322,0.0,TDRS-5
ra_of_asc_node,RA of ascending node,-1.5235380030642547,1.5235380030642547,0.7948580610605249,225.27602410283882,106.2348243902439,110.49764401882888,0.5800103395653341,TDRS-5
arg_of_pericenter,Argument of pericenter,-1.45544070133148,1.45544070133148,0.8510980182110337,175.9740910551687,56.99769207317074,115.60624085366251,0.03733913058677506,TDRS-5
source_tle_age_hours,TLE age,1.435256430432744,1.435256430432744,0.6241263537434517,6.269046837183836,14.410962786178862,3.8990757389873663,7.011306701909209,TDRS-5
mean_anomaly,Mean anomaly,1.366703618526221,1.366703618526221,0.8510980182110337,197.04746036422065,303.90855304878045,110.5758354892936,0.04421164300442989,TDRS-5
mean_motion_dot,Mean motion dot,-1.0806746101011584,1.0806746101011584,0.8703802892340653,4.8528698446705955e-05,2.432317073170732e-07,6.318780306034835e-05,2.4361272689715875e-07,TDRS-5
inclination,Inclination,-0.8414328223425993,0.8414328223425993,0.5093733261917515,72.42908548473487,55.89055792682927,27.796644658188697,0.007305002779892417,TDRS-5
horizon_hours,Prediction horizon,0.05629524692572049,0.05629524692572049,0.044351836126823974,22.32244242099625,23.23170731707317,16.061809364962556,16.241126906780657,TDRS-5
mean_motion_ddot,Mean motion d-dot,0.0,0.0,0.0,0.0,0.0,0.0,0.0,TDRS-5
