held_out_satellite,feature,display_name,gain,normalized_gain
GPS BIIR-2,mean_motion,Mean motion,271.5008239746094,0.2869413415521329
GPS BIIR-2,semimajor_axis,Semimajor axis,254.09469604492188,0.26854531009169186
GPS BIIR-2,horizon_hours,Prediction horizon,105.12454223632812,0.11110307783878706
GPS BIIR-2,apoapsis,Apoapsis,56.686344146728516,0.059910152017326225
GPS BIIR-2,period,Period,43.771087646484375,0.046260392239740676
GPS BIIR-2,periapsis,Periapsis,41.52140426635742,0.043882767164018864
GPS BIIR-2,inclination,Inclination,33.4924430847168,0.035397191102027194
GPS BIIR-2,mean_motion_dot,Mean motion dot,30.979005813598633,0.03274081219339734
GPS BIIR-2,bstar,BSTAR,24.956188201904297,0.026375471049589226
GPS BIIR-2,eccentricity,Eccentricity,22.79362678527832,0.02408992264869903
GPS BIIR-2,source_tle_age_hours,TLE age,22.214250564575195,0.02347759673528852
GPS BIIR-2,ra_of_asc_node,RA of ascending node,16.0561580657959,0.016969287489173274
GPS BIIR-2,mean_anomaly,Mean anomaly,12.275386810302734,0.01297350007213617
GPS BIIR-2,arg_of_pericenter,Argument of pericenter,10.723331451416016,0.011333177805991662
GPS BIIR-2,mean_motion_ddot,Mean motion d-dot,0.0,0.0
Hubble Space Telescope,mean_motion,Mean motion,299.4541320800781,0.32284879922434545
Hubble Space Telescope,semimajor_axis,Semimajor axis,249.2705841064453,0.26874469289071795
Hubble Space Telescope,horizon_hours,Prediction horizon,92.61748504638672,0.09985316825218718
Hubble Space Telescope,apoapsis,Apoapsis,57.07565689086914,0.061534656957848426
Hubble Space Telescope,periapsis,Periapsis,34.74578094482422,0.037460273392216525
Hubble Space Telescope,mean_motion_dot,Mean motion dot,29.99677848815918,0.03234025808303464
Hubble Space Telescope,bstar,BSTAR,28.332544326782227,0.03054600666664408
Hubble Space Telescope,period,Period,27.767736434936523,0.029937073510810864
Hubble Space Telescope,inclination,Inclination,26.682985305786133,0.02876757687681616
Hubble Space Telescope,source_tle_age_hours,TLE age,23.959917068481445,0.0258317706332587
Hubble Space Telescope,ra_of_asc_node,RA of ascending node,15.01775074005127,0.016191003142276002
Hubble Space Telescope,eccentricity,Eccentricity,14.404009819030762,0.015529314094908549
Hubble Space Telescope,mean_anomaly,Mean anomaly,14.356115341186523,0.015477677890879296
Hubble Space Telescope,arg_of_pericenter,Argument of pericenter,13.855292320251465,0.014937728384056145
Hubble Space Telescope,mean_motion_ddot,Mean motion d-dot,0.0,0.0
ISS,apoapsis,Apoapsis,284.2339782714844,0.27249153475463916
ISS,semimajor_axis,Semimajor axis,162.67764282226562,0.15595700708437568
ISS,horizon_hours,Prediction horizon,150.67645263671875,0.14445161722061192
ISS,mean_motion,Mean motion,114.64656829833984,0.10991022093821688
ISS,periapsis,Periapsis,54.80536651611328,0.0525412145500145
ISS,bstar,BSTAR,46.08967208862305,0.04418558808535992
ISS,period,Period,42.25817108154297,0.04051237633149995
ISS,mean_motion_dot,Mean motion dot,38.62063980102539,0.037025120911250695
ISS,inclination,Inclination,31.65501594543457,0.03034726505996842
ISS,source_tle_age_hours,TLE age,30.32065200805664,0.02906802716086664
ISS,arg_of_pericenter,Argument of pericenter,25.524757385253906,0.024470263395125664
ISS,ra_of_asc_node,RA of ascending node,23.278188705444336,0.02231650629959537
ISS,eccentricity,Eccentricity,21.855743408203125,0.020952825910266412
ISS,mean_anomaly,Mean anomaly,16.45002555847168,0.015770432298208775
ISS,mean_motion_ddot,Mean motion d-dot,0.0,0.0
NOAA 19,semimajor_axis,Semimajor axis,142.66567993164062,0.24977176340348528
NOAA 19,mean_motion,Mean motion,114.94859313964844,0.20124610784455532
NOAA 19,horizon_hours,Prediction horizon,94.6976318359375,0.16579176228739498
NOAA 19,period,Period,42.813961029052734,0.07495648953300175
NOAA 19,inclination,Inclination,34.0632438659668,0.05963618223893912
NOAA 19,periapsis,Periapsis,25.922733306884766,0.04538419340517849
NOAA 19,mean_motion_dot,Mean motion dot,22.110504150390625,0.03870993790538365
NOAA 19,apoapsis,Apoapsis,21.60093116760254,0.03781780363346387
NOAA 19,bstar,BSTAR,15.98580265045166,0.027987124298826476
NOAA 19,source_tle_age_hours,TLE age,15.093399047851562,0.026424749790844932
NOAA 19,eccentricity,Eccentricity,12.32071590423584,0.021570478192575095
NOAA 19,ra_of_asc_node,RA of ascending node,11.57091999053955,0.020257773920276494
NOAA 19,mean_anomaly,Mean anomaly,8.696446418762207,0.015225292855289039
NOAA 19,arg_of_pericenter,Argument of pericenter,8.693617820739746,0.015220340690785508
NOAA 19,mean_motion_ddot,Mean motion d-dot,0.0,0.0
Sentinel-1A,eccentricity,Eccentricity,274.1014709472656,0.3511229430501682
Sentinel-1A,mean_motion,Mean motion,152.200439453125,0.19496818477341082
Sentinel-1A,inclination,Inclination,87.6275634765625,0.11225057594136559
Sentinel-1A,horizon_hours,Prediction horizon,63.698062896728516,0.08159697659994318
Sentinel-1A,period,Period,51.2226448059082,0.0656160134161561
Sentinel-1A,semimajor_axis,Semimajor axis,32.43338394165039,0.04154704162408274
Sentinel-1A,periapsis,Periapsis,25.486549377441406,0.032648172936373406
Sentinel-1A,mean_motion_dot,Mean motion dot,20.5367488861084,0.026307497309855567
Sentinel-1A,bstar,BSTAR,16.08889389038086,0.020609811956460618
Sentinel-1A,source_tle_age_hours,TLE age,14.167211532592773,0.018148144156057047
Sentinel-1A,apoapsis,Apoapsis,13.654793739318848,0.017491738909402137
Sentinel-1A,ra_of_asc_node,RA of ascending node,10.393889427185059,0.013314532872803804
Sentinel-1A,mean_anomaly,Mean anomaly,9.547685623168945,0.012230549014345967
Sentinel-1A,arg_of_pericenter,Argument of pericenter,9.483101844787598,0.012147817439574807
Sentinel-1A,mean_motion_ddot,Mean motion d-dot,0.0,0.0
TDRS-5,mean_motion,Mean motion,290.0625305175781,0.3018574149211999
TDRS-5,semimajor_axis,Semimajor axis,236.03074645996094,0.24562852306774335
TDRS-5,horizon_hours,Prediction horizon,108.7549057006836,0.11317723332354976
TDRS-5,apoapsis,Apoapsis,52.16501235961914,0.05428621115629695
TDRS-5,periapsis,Periapsis,47.09330368041992,0.04900827033296916
TDRS-5,period,Period,46.892234802246094,0.04879902534128286
TDRS-5,inclination,Inclination,34.57992172241211,0.035986053630157507
TDRS-5,mean_motion_dot,Mean motion dot,33.98616409301758,0.03536815188745754
TDRS-5,bstar,BSTAR,25.516643524169922,0.026554233109418915
TDRS-5,source_tle_age_hours,TLE age,23.696470260620117,0.024660045690370207
TDRS-5,eccentricity,Eccentricity,23.588232040405273,0.024547406152642174
TDRS-5,ra_of_asc_node,RA of ascending node,16.03624153137207,0.016688327186122398
TDRS-5,mean_anomaly,Mean anomaly,11.630145072937012,0.012103064537880898
TDRS-5,arg_of_pericenter,Argument of pericenter,10.893091201782227,0.011336039662908418
TDRS-5,mean_motion_ddot,Mean motion d-dot,0.0,0.0
