held_out_satellite,model,n_features,train_samples,validation_samples,test_samples,train_positive_rate,validation_positive_rate,test_positive_rate,scale_pos_weight,threshold,train_f1,validation_f1,test_accuracy,test_precision,test_recall,test_f1,test_roc_auc,test_pr_auc
GPS BIIR-2,horizon_only,1,12057,1810,272,0.24583229659119185,0.19116022099447513,0.003676470588235294,3.067813765182186,0.523504912853241,0.4719226064717002,0.4744110479285134,0.4889705882352941,0.007142857142857143,1.0,0.014184397163120567,0.8819188191881918,0.015384615384615385
GPS BIIR-2,horizon_age,2,12057,1810,272,0.24583229659119185,0.19116022099447513,0.003676470588235294,3.067813765182186,0.521777331829071,0.5508658008658008,0.4685082872928177,0.6544117647058824,0.010526315789473684,1.0,0.020833333333333332,0.9963099630996309,0.5
GPS BIIR-2,full_orbital,15,12057,1810,272,0.24583229659119185,0.19116022099447513,0.003676470588235294,3.067813765182186,0.6261385083198547,0.8358303106765494,0.7044025157232704,0.9963235294117647,0.0,0.0,0.0,0.9483394833948339,0.06666666666666667
Hubble Space Telescope,horizon_only,1,11641,1731,357,0.22652693067605875,0.15309069901790873,0.3165266106442577,3.4144861585134625,0.5242359638214111,0.43594600994553634,0.3942908117752007,0.7338935574229691,0.5489130434782609,0.8938053097345132,0.6801346801346801,0.8438633396199042,0.6527853155635337
Hubble Space Telescope,horizon_age,2,11641,1731,357,0.22652693067605875,0.15309069901790873,0.3165266106442577,3.4144861585134625,0.5233520269393921,0.5271088787117743,0.3572395128552097,0.742296918767507,0.6060606060606061,0.5309734513274337,0.5660377358490566,0.7264797620774699,0.599524136012851
Hubble Space Telescope,full_orbital,15,11641,1731,357,0.22652693067605875,0.15309069901790873,0.3165266106442577,3.4144861585134625,0.6665852069854736,0.8526881720430107,0.6991869918699187,0.7787114845938375,0.6197183098591549,0.7787610619469026,0.6901960784313725,0.8648629043957639,0.6716580577268311
ISS,horizon_only,1,9409,1576,520,0.11000106281220108,0.10723350253807107,0.4096153846153846,8.090821256038648,0.738092303276062,0.35991820040899797,0.34519572953736655,0.7538461538461538,0.8571428571428571,0.4788732394366197,0.6144578313253012,0.8454986160174948,0.7419221972936356
ISS,horizon_age,2,9409,1576,520,0.11000106281220108,0.10723350253807107,0.4096153846153846,8.090821256038648,0.6419743299484253,0.38817733990147785,0.32233009708737864,0.7634615384615384,0.8461538461538461,0.5164319248826291,0.641399416909621,0.8558287837775841,0.803618845727259
ISS,full_orbital,15,9409,1576,520,0.11000106281220108,0.10723350253807107,0.4096153846153846,8.090821256038648,0.7742539644241333,0.8452547919588593,0.6312056737588653,0.6519230769230769,0.8333333333333334,0.18779342723004694,0.3065134099616858,0.8412396201312107,0.7598125537847485
NOAA 19,horizon_only,1,9078,1532,659,0.32099581405595945,0.2258485639686684,0.0,2.115305422100206,0.5199499130249023,0.5527638190954773,0.5266005410279531,0.5189681335356601,0.0,0.0,0.0,,
NOAA 19,horizon_age,2,9078,1532,659,0.32099581405595945,0.2258485639686684,0.0,2.115305422100206,0.4480648934841156,0.6107448449992986,0.5060773480662983,0.6737481031866465,0.0,0.0,0.0,,
NOAA 19,full_orbital,15,9078,1532,659,0.32099581405595945,0.2258485639686684,0.0,2.115305422100206,0.5906307101249695,0.8495867768595041,0.7077922077922078,1.0,0.0,0.0,0.0,,
Sentinel-1A,horizon_only,1,9003,1539,623,0.25713651005220484,0.16764132553606237,0.13964686998394862,2.8889848812095034,0.5299650430679321,0.4545978668204093,0.4289911851126347,0.622792937399679,0.24482758620689654,0.8160919540229885,0.376657824933687,0.7713801681248929,0.2974809804856503
Sentinel-1A,horizon_age,2,9003,1539,623,0.25713651005220484,0.16764132553606237,0.13964686998394862,2.8889848812095034,0.5120741724967957,0.567562625708539,0.38543247344461307,0.7399678972712681,0.2549019607843137,0.4482758620689655,0.325,0.7062317721736147,0.2454144085303927
Sentinel-1A,full_orbital,15,9003,1539,623,0.25713651005220484,0.16764132553606237,0.13964686998394862,2.8889848812095034,0.690548837184906,0.8627616832311271,0.665158371040724,0.5553772070626003,0.21893491124260356,0.8505747126436781,0.34823529411764703,0.7678525476067937,0.36870338365547556
TDRS-5,horizon_only,1,12097,1867,164,0.2442754401917831,0.18532404927691484,0.024390243902439025,3.093739424703892,0.5241815447807312,0.46882627024628354,0.4616600790513834,0.4878048780487805,0.045454545454545456,1.0,0.08695652173913043,0.8093750000000001,0.0636892177589852
TDRS-5,horizon_age,2,12097,1867,164,0.2442754401917831,0.18532404927691484,0.024390243902439025,3.093739424703892,0.5260051488876343,0.5500751468779888,0.4608695652173913,0.5792682926829268,0.0547945205479452,1.0,0.1038961038961039,0.8257812499999999,0.081210148636257
TDRS-5,full_orbital,15,12097,1867,164,0.2442754401917831,0.18532404927691484,0.024390243902439025,3.093739424703892,0.6305087208747864,0.8396584440227703,0.7032258064516129,0.975609756097561,0.0,0.0,0.0,0.45937500000000003,0.02717376856617363
