held_out_satellite,bin,mean_predicted_probability,observed_positive_rate,sample_count
GPS BIIR-2,0,0.002761547,0.003676470588235294,272
Hubble Space Telescope,0,0.061355308,0.0,66
Hubble Space Telescope,1,0.14326122,0.030303030303030304,66
Hubble Space Telescope,2,0.24561283,0.21428571428571427,28
Hubble Space Telescope,3,0.35019583,0.15625,32
Hubble Space Telescope,4,0.44652858,0.48,25
Hubble Space Telescope,5,0.53409594,0.5217391304347826,23
Hubble Space Telescope,6,0.6675147,0.38461538461538464,13
Hubble Space Telescope,7,0.7550119,0.5172413793103449,29
Hubble Space Telescope,8,0.8553819,0.75,44
Hubble Space Telescope,9,0.9362494,0.7419354838709677,31
ISS,0,0.024965964,0.23054755043227665,347
ISS,1,0.13148673,0.5365853658536586,41
ISS,2,0.23057322,0.8695652173913043,23
ISS,3,0.36841983,0.8148148148148148,27
ISS,4,0.42759743,0.8518518518518519,27
ISS,5,0.5582681,0.9411764705882353,17
ISS,6,0.63995427,0.7,20
ISS,7,0.74086344,0.9230769230769231,13
ISS,8,0.8410842,0.8,5
NOAA 19,0,0.011288238,0.0,645
NOAA 19,1,0.14260404,0.0,13
NOAA 19,3,0.39577463,0.0,1
Sentinel-1A,0,0.08834174,0.0,12
Sentinel-1A,1,0.1422038,0.0,90
Sentinel-1A,2,0.25711042,0.07246376811594203,69
Sentinel-1A,3,0.3424768,0.08928571428571429,56
Sentinel-1A,4,0.44455105,0.06451612903225806,31
Sentinel-1A,5,0.5460099,0.06896551724137931,29
Sentinel-1A,6,0.6581911,0.13953488372093023,86
Sentinel-1A,7,0.7419183,0.058823529411764705,51
Sentinel-1A,8,0.8696023,0.14925373134328357,67
Sentinel-1A,9,0.9382406,0.36363636363636365,132
TDRS-5,0,5.3508105e-05,0.024390243902439025,164
