norad_id,source_creation,target_time,horizon_hours,reference_creation,source_epoch,reference_epoch,source_tle_age_hours,reference_delay_hours,proxy_error_km
25544,2025-01-01 23:08:36+00:00,2025-01-02 05:08:36+00:00,6,2025-01-02 08:18:29+00:00,2025-01-01 20:15:45.204480+00:00,2025-01-02 05:32:34.702080+00:00,2.880776533333333,3.164722222222222,2.164028140949963
25544,2025-01-01 23:08:36+00:00,2025-01-02 23:08:36+00:00,24,2025-01-03 00:08:47+00:00,2025-01-01 20:15:45.204480+00:00,2025-01-02 22:50:42.120960+00:00,2.880776533333333,1.0030555555555556,17.11319116140718
25544,2025-01-01 23:08:36+00:00,2025-01-03 23:08:36+00:00,48,2025-01-04 00:38:32+00:00,2025-01-01 20:15:45.204480+00:00,2025-01-04 00:08:34.379808+00:00,2.880776533333333,1.498888888888889,65.27797096373072
25544,2025-01-01 23:41:24+00:00,2025-01-02 05:41:24+00:00,6,2025-01-02 08:18:29+00:00,2025-01-01 12:31:43.277952+00:00,2025-01-02 05:32:34.702080+00:00,11.16131168,2.6180555555555554,0.5937630947930437
25544,2025-01-01 23:41:24+00:00,2025-01-02 23:41:24+00:00,24,2025-01-03 00:08:47+00:00,2025-01-01 12:31:43.277952+00:00,2025-01-02 22:50:42.120960+00:00,11.16131168,0.4563888888888889,2.1628111256192817
25544,2025-01-01 23:41:24+00:00,2025-01-03 23:41:24+00:00,48,2025-01-04 00:38:32+00:00,2025-01-01 12:31:43.277952+00:00,2025-01-04 00:08:34.379808+00:00,11.16131168,0.9522222222222222,6.128327322152884
25544,2025-01-02 08:18:29+00:00,2025-01-02 14:18:29+00:00,6,2025-01-02 19:02:11+00:00,2025-01-02 05:32:34.702080+00:00,2025-01-02 11:43:47.555040+00:00,2.765082755555556,4.7283333333333335,1.220390452907132
25544,2025-01-02 08:18:29+00:00,2025-01-02 20:18:29+00:00,12,2025-01-03 00:08:47+00:00,2025-01-02 05:32:34.702080+00:00,2025-01-02 22:50:42.120960+00:00,2.765082755555556,3.8383333333333334,0.38963830262960236
25544,2025-01-02 08:18:29+00:00,2025-01-03 08:18:29+00:00,24,2025-01-03 09:28:32+00:00,2025-01-02 05:32:34.702080+00:00,2025-01-03 08:37:32.999808+00:00,2.765082755555556,1.1675,5.614181601858804
25544,2025-01-02 19:02:11+00:00,2025-01-03 07:02:11+00:00,12,2025-01-03 09:28:32+00:00,2025-01-02 11:43:47.555040+00:00,2025-01-03 08:37:32.999808+00:00,7.306512488888889,2.4391666666666665,1.6508240649675399
25544,2025-01-02 19:02:11+00:00,2025-01-03 19:02:11+00:00,24,2025-01-04 00:38:32+00:00,2025-01-02 11:43:47.555040+00:00,2025-01-04 00:08:34.379808+00:00,7.306512488888889,5.605833333333333,1.4629645117380043
25544,2025-01-02 19:02:11+00:00,2025-01-04 19:02:11+00:00,48,2025-01-04 22:58:33+00:00,2025-01-02 11:43:47.555040+00:00,2025-01-04 19:24:34.873344+00:00,7.306512488888889,3.9394444444444443,1.0774093964065932
25544,2025-01-03 00:08:47+00:00,2025-01-03 06:08:47+00:00,6,2025-01-03 09:28:32+00:00,2025-01-02 22:50:42.120960+00:00,2025-01-03 08:37:32.999808+00:00,1.3013552888888889,3.3291666666666666,3.508047759741607
25544,2025-01-03 00:08:47+00:00,2025-01-03 12:08:47+00:00,12,2025-01-03 16:08:31+00:00,2025-01-02 22:50:42.120960+00:00,2025-01-03 14:38:17.329920+00:00,1.3013552888888889,3.9955555555555557,5.348813041715788
25544,2025-01-03 00:08:47+00:00,2025-01-04 00:08:47+00:00,24,2025-01-04 00:38:32+00:00,2025-01-02 22:50:42.120960+00:00,2025-01-04 00:08:34.379808+00:00,1.3013552888888889,0.49583333333333335,10.981993320798662
25544,2025-01-03 09:28:32+00:00,2025-01-03 15:28:32+00:00,6,2025-01-03 16:08:31+00:00,2025-01-03 08:37:32.999808+00:00,2025-01-03 14:38:17.329920+00:00,0.8497222755555556,0.6663888888888889,0.4434220578858258
25544,2025-01-03 09:28:32+00:00,2025-01-03 21:28:32+00:00,12,2025-01-04 00:38:32+00:00,2025-01-03 08:37:32.999808+00:00,2025-01-04 00:08:34.379808+00:00,0.8497222755555556,3.1666666666666665,0.34199906997920165
25544,2025-01-03 09:28:32+00:00,2025-01-04 09:28:32+00:00,24,2025-01-04 14:28:34+00:00,2025-01-03 08:37:32.999808+00:00,2025-01-04 13:39:15.324768+00:00,0.8497222755555556,5.000555555555556,0.8021410301432156
25544,2025-01-03 09:28:32+00:00,2025-01-05 09:28:32+00:00,48,2025-01-05 14:28:33+00:00,2025-01-03 08:37:32.999808+00:00,2025-01-05 13:02:52.858176+00:00,0.8497222755555556,5.000277777777778,1.6747300345100458
25544,2025-01-03 16:08:31+00:00,2025-01-03 22:08:31+00:00,6,2025-01-04 00:38:32+00:00,2025-01-03 14:38:17.329920+00:00,2025-01-04 00:08:34.379808+00:00,1.5037972444444445,2.500277777777778,0.37655266206289867
25544,2025-01-03 16:08:31+00:00,2025-01-04 04:08:31+00:00,12,2025-01-04 07:17:01+00:00,2025-01-03 14:38:17.329920+00:00,2025-01-03 18:39:48.822624+00:00,1.5037972444444445,3.1416666666666666,1.5257638867155767
25544,2025-01-03 16:08:31+00:00,2025-01-05 16:08:31+00:00,48,2025-01-05 18:18:42+00:00,2025-01-03 14:38:17.329920+00:00,2025-01-05 14:35:18.723840+00:00,1.5037972444444445,2.169722222222222,5.585078207896284
25544,2025-01-03 17:58:37+00:00,2025-01-03 23:58:37+00:00,6,2025-01-04 00:38:32+00:00,2025-01-03 17:35:04.256160+00:00,2025-01-04 00:08:34.379808+00:00,0.3924288444444445,0.6652777777777777,4.061972656711898
25544,2025-01-03 17:58:37+00:00,2025-01-04 05:58:37+00:00,12,2025-01-04 07:17:01+00:00,2025-01-03 17:35:04.256160+00:00,2025-01-03 18:39:48.822624+00:00,0.3924288444444445,1.3066666666666666,9.333532770775165
25544,2025-01-03 17:58:37+00:00,2025-01-04 17:58:37+00:00,24,2025-01-04 22:58:33+00:00,2025-01-03 17:35:04.256160+00:00,2025-01-04 19:24:34.873344+00:00,0.3924288444444445,4.998888888888889,20.92872567150964
25544,2025-01-03 17:58:37+00:00,2025-01-05 17:58:37+00:00,48,2025-01-05 18:18:42+00:00,2025-01-03 17:35:04.256160+00:00,2025-01-05 14:35:18.723840+00:00,0.3924288444444445,0.3347222222222222,57.346105929788735
25544,2025-01-04 00:38:32+00:00,2025-01-04 06:38:32+00:00,6,2025-01-04 07:17:01+00:00,2025-01-04 00:08:34.379808+00:00,2025-01-03 18:39:48.822624+00:00,0.49933894222222225,0.6413888888888889,2.120187544365779
25544,2025-01-04 00:38:32+00:00,2025-01-04 12:38:32+00:00,12,2025-01-04 14:28:34+00:00,2025-01-04 00:08:34.379808+00:00,2025-01-04 13:39:15.324768+00:00,0.49933894222222225,1.833888888888889,0.5533950020321696
25544,2025-01-04 00:38:32+00:00,2025-01-06 00:38:32+00:00,48,2025-01-06 02:24:55+00:00,2025-01-04 00:08:34.379808+00:00,2025-01-05 18:36:30.578688+00:00,0.49933894222222225,1.7730555555555556,11.548671771934606
25544,2025-01-04 07:17:01+00:00,2025-01-04 13:17:01+00:00,6,2025-01-04 14:28:34+00:00,2025-01-03 18:39:48.822624+00:00,2025-01-04 13:39:15.324768+00:00,12.62004927111111,1.1925,4.128424844142847
25544,2025-01-04 07:17:01+00:00,2025-01-04 19:17:01+00:00,12,2025-01-04 22:58:33+00:00,2025-01-03 18:39:48.822624+00:00,2025-01-04 19:24:34.873344+00:00,12.62004927111111,3.692222222222222,1.81025989422331
25544,2025-01-04 14:28:34+00:00,2025-01-04 20:28:34+00:00,6,2025-01-04 22:58:33+00:00,2025-01-04 13:39:15.324768+00:00,2025-01-04 19:24:34.873344+00:00,0.8218542311111111,2.499722222222222,5.679600859179063
25544,2025-01-04 14:28:34+00:00,2025-01-05 02:28:34+00:00,12,2025-01-05 06:58:44+00:00,2025-01-04 13:39:15.324768+00:00,2025-01-05 05:11:53.947968+00:00,0.8218542311111111,4.502777777777778,7.11039862888622
25544,2025-01-04 14:28:34+00:00,2025-01-05 14:28:34+00:00,24,2025-01-05 18:18:42+00:00,2025-01-04 13:39:15.324768+00:00,2025-01-05 14:35:18.723840+00:00,0.8218542311111111,3.8355555555555556,11.5008551981797
25544,2025-01-04 14:28:34+00:00,2025-01-06 14:28:34+00:00,48,2025-01-06 14:38:33+00:00,2025-01-04 13:39:15.324768+00:00,2025-01-06 13:47:09.405888+00:00,0.8218542311111111,0.1663888888888889,28.982100620784117
25544,2025-01-04 15:08:32+00:00,2025-01-04 21:08:32+00:00,6,2025-01-04 22:58:33+00:00,2025-01-04 13:13:23.612736+00:00,2025-01-04 19:24:34.873344+00:00,1.9189964622222222,1.833611111111111,0.6336963772485662
25544,2025-01-04 15:08:32+00:00,2025-01-05 03:08:32+00:00,12,2025-01-05 06:58:44+00:00,2025-01-04 13:13:23.612736+00:00,2025-01-05 05:11:53.947968+00:00,1.9189964622222222,3.8366666666666664,1.6054612236407002
25544,2025-01-04 15:08:32+00:00,2025-01-05 15:08:32+00:00,24,2025-01-05 18:18:42+00:00,2025-01-04 13:13:23.612736+00:00,2025-01-05 14:35:18.723840+00:00,1.9189964622222222,3.1694444444444443,6.404519241393275
25544,2025-01-04 15:08:32+00:00,2025-01-06 15:08:32+00:00,48,2025-01-06 17:35:48+00:00,2025-01-04 13:13:23.612736+00:00,2025-01-06 11:37:14.088576+00:00,1.9189964622222222,2.4544444444444444,11.665879998271382
25544,2025-01-04 22:58:33+00:00,2025-01-05 04:58:33+00:00,6,2025-01-05 06:58:44+00:00,2025-01-04 19:24:34.873344+00:00,2025-01-05 05:11:53.947968+00:00,3.5661462933333334,2.0030555555555556,0.2686731835554843
25544,2025-01-04 22:58:33+00:00,2025-01-05 10:58:33+00:00,12,2025-01-05 14:28:33+00:00,2025-01-04 19:24:34.873344+00:00,2025-01-05 13:02:52.858176+00:00,3.5661462933333334,3.5,1.42961935182224
25544,2025-01-04 22:58:33+00:00,2025-01-05 22:58:33+00:00,24,2025-01-06 02:24:55+00:00,2025-01-04 19:24:34.873344+00:00,2025-01-05 18:36:30.578688+00:00,3.5661462933333334,3.4394444444444443,0.6562009486403958
25544,2025-01-04 22:58:33+00:00,2025-01-06 22:58:33+00:00,48,2025-01-06 23:08:33+00:00,2025-01-04 19:24:34.873344+00:00,2025-01-06 21:10:02.970048+00:00,3.5661462933333334,0.16666666666666666,2.184371382815338
25544,2025-01-05 06:58:44+00:00,2025-01-05 12:58:44+00:00,6,2025-01-05 14:28:33+00:00,2025-01-05 05:11:53.947968+00:00,2025-01-05 13:02:52.858176+00:00,1.7805700088888887,1.4969444444444444,0.7345099808518354
25544,2025-01-05 06:58:44+00:00,2025-01-05 18:58:44+00:00,12,2025-01-05 19:47:08+00:00,2025-01-05 05:11:53.947968+00:00,2025-01-05 12:25:19.939296+00:00,1.7805700088888887,0.8066666666666666,0.4608842250114953
25544,2025-01-05 14:28:33+00:00,2025-01-05 20:28:33+00:00,6,2025-01-05 22:18:30+00:00,2025-01-05 13:02:52.858176+00:00,2025-01-05 20:07:23.999808+00:00,1.4278171733333334,1.8325,1.2192470792513057
25544,2025-01-05 14:28:33+00:00,2025-01-06 02:28:33+00:00,12,2025-01-06 06:28:31+00:00,2025-01-05 13:02:52.858176+00:00,2025-01-06 05:45:50.668992+00:00,1.4278171733333334,3.9994444444444444,3.633352476053273
25544,2025-01-05 14:28:33+00:00,2025-01-06 14:28:33+00:00,24,2025-01-06 14:38:33+00:00,2025-01-05 13:02:52.858176+00:00,2025-01-06 13:47:09.405888+00:00,1.4278171733333334,0.16666666666666666,6.021424494072533
25544,2025-01-05 14:28:33+00:00,2025-01-07 14:28:33+00:00,48,2025-01-07 14:58:35+00:00,2025-01-05 13:02:52.858176+00:00,2025-01-07 09:16:18.964704+00:00,1.4278171733333334,0.5005555555555555,17.581289649415748
25544,2025-01-05 18:18:42+00:00,2025-01-06 00:18:42+00:00,6,2025-01-06 02:24:55+00:00,2025-01-05 14:35:18.723840+00:00,2025-01-05 18:36:30.578688+00:00,3.7231322666666666,2.1036111111111113,3.601314547809968
25544,2025-01-05 18:18:42+00:00,2025-01-06 06:18:42+00:00,12,2025-01-06 06:28:31+00:00,2025-01-05 14:35:18.723840+00:00,2025-01-06 05:45:50.668992+00:00,3.7231322666666666,0.16361111111111112,3.864443909280939
25544,2025-01-05 18:18:42+00:00,2025-01-06 18:18:42+00:00,24,2025-01-06 23:08:33+00:00,2025-01-05 14:35:18.723840+00:00,2025-01-06 21:10:02.970048+00:00,3.7231322666666666,4.8308333333333335,6.236645559987108
25544,2025-01-05 18:18:42+00:00,2025-01-07 18:18:42+00:00,48,2025-01-07 22:28:31+00:00,2025-01-05 14:35:18.723840+00:00,2025-01-07 20:21:08.894304+00:00,3.7231322666666666,4.163611111111111,19.342027917675782
25544,2025-01-05 19:47:08+00:00,2025-01-06 01:47:08+00:00,6,2025-01-06 02:24:55+00:00,2025-01-05 12:25:19.939296+00:00,2025-01-05 18:36:30.578688+00:00,7.363350195555555,0.6297222222222222,0.3907018855308092
25544,2025-01-05 19:47:08+00:00,2025-01-06 19:47:08+00:00,24,2025-01-06 23:08:33+00:00,2025-01-05 12:25:19.939296+00:00,2025-01-06 21:10:02.970048+00:00,7.363350195555555,3.3569444444444443,2.934574579753945
25544,2025-01-05 19:47:08+00:00,2025-01-07 19:47:08+00:00,48,2025-01-07 22:28:31+00:00,2025-01-05 12:25:19.939296+00:00,2025-01-07 20:21:08.894304+00:00,7.363350195555555,2.689722222222222,3.305844254005441
25544,2025-01-05 22:18:30+00:00,2025-01-06 04:18:30+00:00,6,2025-01-06 06:28:31+00:00,2025-01-05 20:07:23.999808+00:00,2025-01-06 05:45:50.668992+00:00,2.1850000533333334,2.1669444444444443,1.628966253139082
25544,2025-01-05 22:18:30+00:00,2025-01-06 10:18:30+00:00,12,2025-01-06 13:58:34+00:00,2025-01-05 20:07:23.999808+00:00,2025-01-06 12:12:35.070336+00:00,2.1850000533333334,3.667777777777778,2.4527607980910364
25544,2025-01-05 22:18:30+00:00,2025-01-06 22:18:30+00:00,24,2025-01-06 23:08:33+00:00,2025-01-05 20:07:23.999808+00:00,2025-01-06 21:10:02.970048+00:00,2.1850000533333334,0.8341666666666666,3.545458061898574
25544,2025-01-05 22:18:30+00:00,2025-01-07 22:18:30+00:00,48,2025-01-07 22:28:31+00:00,2025-01-05 20:07:23.999808+00:00,2025-01-07 20:21:08.894304+00:00,2.1850000533333334,0.16694444444444445,12.800228062720418
25544,2025-01-06 02:24:55+00:00,2025-01-06 08:24:55+00:00,6,2025-01-06 13:58:34+00:00,2025-01-05 18:36:30.578688+00:00,2025-01-06 12:12:35.070336+00:00,7.806783697777777,5.560833333333333,0.44354019093069236
25544,2025-01-06 02:24:55+00:00,2025-01-06 14:24:55+00:00,12,2025-01-06 14:38:33+00:00,2025-01-05 18:36:30.578688+00:00,2025-01-06 13:47:09.405888+00:00,7.806783697777777,0.22722222222222221,2.0109107716065213
25544,2025-01-06 02:24:55+00:00,2025-01-07 02:24:55+00:00,24,2025-01-07 02:40:03+00:00,2025-01-05 18:36:30.578688+00:00,2025-01-06 20:53:59.233344+00:00,7.806783697777777,0.25222222222222224,0.8794599548918964
25544,2025-01-06 02:24:55+00:00,2025-01-08 02:24:55+00:00,48,2025-01-08 04:08:31+00:00,2025-01-05 18:36:30.578688+00:00,2025-01-08 02:45:18.593856+00:00,7.806783697777777,1.7266666666666666,2.714455517680099
25544,2025-01-06 06:28:31+00:00,2025-01-06 12:28:31+00:00,6,2025-01-06 13:58:34+00:00,2025-01-06 05:45:50.668992+00:00,2025-01-06 12:12:35.070336+00:00,0.7112030577777778,1.5008333333333332,0.33664188129958317
25544,2025-01-06 06:28:31+00:00,2025-01-06 18:28:31+00:00,12,2025-01-06 23:08:33+00:00,2025-01-06 05:45:50.668992+00:00,2025-01-06 21:10:02.970048+00:00,0.7112030577777778,4.667222222222223,0.19212491528323442
25544,2025-01-06 06:28:31+00:00,2025-01-07 06:28:31+00:00,24,2025-01-07 06:48:33+00:00,2025-01-06 05:45:50.668992+00:00,2025-01-07 05:02:10.423104+00:00,0.7112030577777778,0.3338888888888889,2.0228145740244345
25544,2025-01-06 06:28:31+00:00,2025-01-08 06:28:31+00:00,48,2025-01-08 08:28:33+00:00,2025-01-06 05:45:50.668992+00:00,2025-01-08 07:42:43.000128+00:00,0.7112030577777778,2.0005555555555556,12.326523432313813
25544,2025-01-06 13:58:34+00:00,2025-01-06 19:58:34+00:00,6,2025-01-06 23:08:33+00:00,2025-01-06 12:12:35.070336+00:00,2025-01-06 21:10:02.970048+00:00,1.7663693511111112,3.1663888888888887,0.2639153184401639
25544,2025-01-06 13:58:34+00:00,2025-01-07 01:58:34+00:00,12,2025-01-07 02:40:03+00:00,2025-01-06 12:12:35.070336+00:00,2025-01-06 20:53:59.233344+00:00,1.7663693511111112,0.6913888888888889,2.4615676320072004
25544,2025-01-06 13:58:34+00:00,2025-01-07 13:58:34+00:00,24,2025-01-07 14:58:35+00:00,2025-01-06 12:12:35.070336+00:00,2025-01-07 09:16:18.964704+00:00,1.7663693511111112,1.0002777777777778,5.263798029722101
25544,2025-01-06 14:38:33+00:00,2025-01-06 20:38:33+00:00,6,2025-01-06 23:08:33+00:00,2025-01-06 13:47:09.405888+00:00,2025-01-06 21:10:02.970048+00:00,0.8565539200000001,2.5,0.525056390960247
25544,2025-01-06 14:38:33+00:00,2025-01-07 02:38:33+00:00,12,2025-01-07 02:40:03+00:00,2025-01-06 13:47:09.405888+00:00,2025-01-06 20:53:59.233344+00:00,0.8565539200000001,0.025,3.9945024123875847
25544,2025-01-06 14:38:33+00:00,2025-01-07 14:38:33+00:00,24,2025-01-07 14:58:35+00:00,2025-01-06 13:47:09.405888+00:00,2025-01-07 09:16:18.964704+00:00,0.8565539200000001,0.3338888888888889,7.420751050552907
25544,2025-01-06 17:35:48+00:00,2025-01-06 23:35:48+00:00,6,2025-01-07 02:40:03+00:00,2025-01-06 11:37:14.088576+00:00,2025-01-06 20:53:59.233344+00:00,5.976086506666667,3.0708333333333333,0.3928917239298255
25544,2025-01-06 17:35:48+00:00,2025-01-07 05:35:48+00:00,12,2025-01-07 06:48:33+00:00,2025-01-06 11:37:14.088576+00:00,2025-01-07 05:02:10.423104+00:00,5.976086506666667,1.2125,1.5087866364847347
25544,2025-01-06 17:35:48+00:00,2025-01-07 17:35:48+00:00,24,2025-01-07 18:07:06+00:00,2025-01-06 11:37:14.088576+00:00,2025-01-07 12:21:53.797536+00:00,5.976086506666667,0.5216666666666666,1.2980299845477912
25544,2025-01-06 17:35:48+00:00,2025-01-08 17:35:48+00:00,48,2025-01-08 20:49:28+00:00,2025-01-06 11:37:14.088576+00:00,2025-01-08 11:33:44.139168+00:00,5.976086506666667,3.227777777777778,4.42819810103309
25544,2025-01-06 23:08:33+00:00,2025-01-07 05:08:33+00:00,6,2025-01-07 06:48:33+00:00,2025-01-06 21:10:02.970048+00:00,2025-01-07 05:02:10.423104+00:00,1.97500832,1.6666666666666667,1.783403175747298
25544,2025-01-06 23:08:33+00:00,2025-01-07 11:08:33+00:00,12,2025-01-07 14:58:35+00:00,2025-01-06 21:10:02.970048+00:00,2025-01-07 09:16:18.964704+00:00,1.97500832,3.8338888888888887,5.092587741292418
25544,2025-01-06 23:08:33+00:00,2025-01-07 23:08:33+00:00,24,2025-01-08 04:08:31+00:00,2025-01-06 21:10:02.970048+00:00,2025-01-08 02:45:18.593856+00:00,1.97500832,4.999444444444444,7.7232389119104425
25544,2025-01-06 23:08:33+00:00,2025-01-08 23:08:33+00:00,48,2025-01-09 01:28:44+00:00,2025-01-06 21:10:02.970048+00:00,2025-01-09 00:20:57.842304+00:00,1.97500832,2.336388888888889,20.627161699324667
25544,2025-01-07 02:40:03+00:00,2025-01-07 14:40:03+00:00,12,2025-01-07 14:58:35+00:00,2025-01-06 20:53:59.233344+00:00,2025-01-07 09:16:18.964704+00:00,5.76771296,0.3088888888888889,0.23159405651299178
25544,2025-01-07 02:40:03+00:00,2025-01-08 02:40:03+00:00,24,2025-01-08 04:08:31+00:00,2025-01-06 20:53:59.233344+00:00,2025-01-08 02:45:18.593856+00:00,5.76771296,1.4744444444444444,1.8688091270450953
25544,2025-01-07 02:40:03+00:00,2025-01-09 02:40:03+00:00,48,2025-01-09 03:56:35+00:00,2025-01-06 20:53:59.233344+00:00,2025-01-08 20:50:27.806496+00:00,5.76771296,1.2755555555555556,1.7899329596703297
25544,2025-01-07 03:08:30+00:00,2025-01-07 09:08:30+00:00,6,2025-01-07 14:58:35+00:00,2025-01-07 01:57:42.272064+00:00,2025-01-07 09:16:18.964704+00:00,1.1799244266666666,5.834722222222222,3.2947533513752627
25544,2025-01-07 03:08:30+00:00,2025-01-07 15:08:30+00:00,12,2025-01-07 18:07:06+00:00,2025-01-07 01:57:42.272064+00:00,2025-01-07 12:21:53.797536+00:00,1.1799244266666666,2.9766666666666666,4.87849812432442
25544,2025-01-07 03:08:30+00:00,2025-01-08 03:08:30+00:00,24,2025-01-08 04:08:31+00:00,2025-01-07 01:57:42.272064+00:00,2025-01-08 02:45:18.593856+00:00,1.1799244266666666,1.0002777777777778,6.7665658478253405
25544,2025-01-07 03:08:30+00:00,2025-01-09 03:08:30+00:00,48,2025-01-09 03:56:35+00:00,2025-01-07 01:57:42.272064+00:00,2025-01-08 20:50:27.806496+00:00,1.1799244266666666,0.8013888888888889,19.80524843254819
25544,2025-01-07 06:48:33+00:00,2025-01-07 12:48:33+00:00,6,2025-01-07 14:58:35+00:00,2025-01-07 05:02:10.423104+00:00,2025-01-07 09:16:18.964704+00:00,1.7729380266666666,2.167222222222222,3.4095492391805617
25544,2025-01-07 06:48:33+00:00,2025-01-07 18:48:33+00:00,12,2025-01-07 22:28:31+00:00,2025-01-07 05:02:10.423104+00:00,2025-01-07 20:21:08.894304+00:00,1.7729380266666666,3.6661111111111113,2.635005328665448
25544,2025-01-07 06:48:33+00:00,2025-01-08 06:48:33+00:00,24,2025-01-08 08:28:33+00:00,2025-01-07 05:02:10.423104+00:00,2025-01-08 07:42:43.000128+00:00,1.7729380266666666,1.6666666666666667,8.382757858923782
25544,2025-01-07 14:58:35+00:00,2025-01-07 20:58:35+00:00,6,2025-01-07 22:28:31+00:00,2025-01-07 09:16:18.964704+00:00,2025-01-07 20:21:08.894304+00:00,5.704454248888888,1.498888888888889,2.851904748367494
25544,2025-01-07 14:58:35+00:00,2025-01-08 02:58:35+00:00,12,2025-01-08 04:08:31+00:00,2025-01-07 09:16:18.964704+00:00,2025-01-08 02:45:18.593856+00:00,5.704454248888888,1.1655555555555555,2.736790337663839
25544,2025-01-07 14:58:35+00:00,2025-01-08 14:58:35+00:00,24,2025-01-08 20:49:28+00:00,2025-01-07 09:16:18.964704+00:00,2025-01-08 11:33:44.139168+00:00,5.704454248888888,5.848055555555556,0.7912563600629058
25544,2025-01-07 14:58:35+00:00,2025-01-09 14:58:35+00:00,48,2025-01-09 19:31:44+00:00,2025-01-07 09:16:18.964704+00:00,2025-01-09 12:55:53.942592+00:00,5.704454248888888,4.5525,0.6085559874609721
25544,2025-01-07 18:07:06+00:00,2025-01-08 00:07:06+00:00,6,2025-01-08 04:08:31+00:00,2025-01-07 12:21:53.797536+00:00,2025-01-08 02:45:18.593856+00:00,5.753389573333334,4.023611111111111,1.6128527699712047
25544,2025-01-07 18:07:06+00:00,2025-01-08 06:07:06+00:00,12,2025-01-08 08:28:33+00:00,2025-01-07 12:21:53.797536+00:00,2025-01-08 07:42:43.000128+00:00,5.753389573333334,2.3575,0.2547539506295429
25544,2025-01-07 18:07:06+00:00,2025-01-08 18:07:06+00:00,24,2025-01-08 20:49:28+00:00,2025-01-07 12:21:53.797536+00:00,2025-01-08 11:33:44.139168+00:00,5.753389573333334,2.706111111111111,0.6551383429693683
25544,2025-01-07 18:07:06+00:00,2025-01-09 18:07:06+00:00,48,2025-01-09 19:31:44+00:00,2025-01-07 12:21:53.797536+00:00,2025-01-09 12:55:53.942592+00:00,5.753389573333334,1.4105555555555556,2.759182696172691
25544,2025-01-07 22:28:31+00:00,2025-01-08 04:28:31+00:00,6,2025-01-08 05:13:15+00:00,2025-01-07 20:21:08.894304+00:00,2025-01-07 20:05:50.730144+00:00,2.1228071377777775,0.7455555555555555,3.2655084443462825
25544,2025-01-07 22:28:31+00:00,2025-01-08 22:28:31+00:00,24,2025-01-09 01:28:44+00:00,2025-01-07 20:21:08.894304+00:00,2025-01-09 00:20:57.842304+00:00,2.1228071377777775,3.0036111111111112,8.883412071234487
25544,2025-01-07 22:28:31+00:00,2025-01-09 22:28:31+00:00,48,2025-01-10 01:08:32+00:00,2025-01-07 20:21:08.894304+00:00,2025-01-10 00:03:35.631072+00:00,2.1228071377777775,2.6669444444444443,19.679335773429003
25544,2025-01-08 04:08:31+00:00,2025-01-08 16:08:31+00:00,12,2025-01-08 20:49:28+00:00,2025-01-08 02:45:18.593856+00:00,2025-01-08 11:33:44.139168+00:00,1.3867794844444443,4.6825,4.757101048417559
25544,2025-01-08 04:08:31+00:00,2025-01-10 04:08:31+00:00,48,2025-01-10 06:38:33+00:00,2025-01-08 02:45:18.593856+00:00,2025-01-10 06:02:56.000256+00:00,1.3867794844444443,2.5005555555555556,19.11744658245664
25544,2025-01-08 05:13:15+00:00,2025-01-08 17:13:15+00:00,12,2025-01-08 20:49:28+00:00,2025-01-07 20:05:50.730144+00:00,2025-01-08 11:33:44.139168+00:00,9.123408293333332,3.6036111111111113,2.2735330729632746
25544,2025-01-08 05:13:15+00:00,2025-01-10 05:13:15+00:00,48,2025-01-10 06:38:33+00:00,2025-01-07 20:05:50.730144+00:00,2025-01-10 06:02:56.000256+00:00,9.123408293333332,1.4216666666666666,11.073082448988712
25544,2025-01-08 08:28:33+00:00,2025-01-08 20:28:33+00:00,12,2025-01-08 20:49:28+00:00,2025-01-08 07:42:43.000128+00:00,2025-01-08 11:33:44.139168+00:00,0.7638888533333333,0.3486111111111111,0.7803222569984845
25544,2025-01-08 08:28:33+00:00,2025-01-10 08:28:33+00:00,48,2025-01-10 13:48:29+00:00,2025-01-08 07:42:43.000128+00:00,2025-01-10 12:06:54.350208+00:00,0.7638888533333333,5.332222222222223,6.716512352637442
25544,2025-01-08 20:49:28+00:00,2025-01-09 02:49:28+00:00,6,2025-01-09 03:56:35+00:00,2025-01-08 11:33:44.139168+00:00,2025-01-08 20:50:27.806496+00:00,9.262183564444443,1.118611111111111,0.10367073819981343
25544,2025-01-08 20:49:28+00:00,2025-01-09 20:49:28+00:00,24,2025-01-10 01:08:32+00:00,2025-01-08 11:33:44.139168+00:00,2025-01-10 00:03:35.631072+00:00,9.262183564444443,4.317777777777778,1.3552709165608814
25544,2025-01-08 20:49:28+00:00,2025-01-10 20:49:28+00:00,48,2025-01-11 00:18:32+00:00,2025-01-08 11:33:44.139168+00:00,2025-01-10 20:46:49.472832+00:00,9.262183564444443,3.4844444444444442,0.8565323278541265
25544,2025-01-09 01:28:44+00:00,2025-01-10 01:28:44+00:00,24,2025-01-10 03:08:59+00:00,2025-01-09 00:20:57.842304+00:00,2025-01-09 21:35:03.071040+00:00,1.1294882488888889,1.6708333333333334,4.675860068640059
25544,2025-01-09 01:28:44+00:00,2025-01-11 01:28:44+00:00,48,2025-01-11 05:28:47+00:00,2025-01-09 00:20:57.842304+00:00,2025-01-11 03:21:50.508288+00:00,1.1294882488888889,4.0008333333333335,9.206297334418442
25544,2025-01-09 03:56:35+00:00,2025-01-09 15:56:35+00:00,12,2025-01-09 19:31:44+00:00,2025-01-08 20:50:27.806496+00:00,2025-01-09 12:55:53.942592+00:00,7.101998195555555,3.5858333333333334,0.9441352204294086
25544,2025-01-09 03:56:35+00:00,2025-01-10 03:56:35+00:00,24,2025-01-10 06:38:33+00:00,2025-01-08 20:50:27.806496+00:00,2025-01-10 06:02:56.000256+00:00,7.101998195555555,2.6994444444444445,0.875123083037517
25544,2025-01-09 03:56:35+00:00,2025-01-11 03:56:35+00:00,48,2025-01-11 05:28:47+00:00,2025-01-08 20:50:27.806496+00:00,2025-01-11 03:21:50.508288+00:00,7.101998195555555,1.5366666666666666,3.4173114868378063
25544,2025-01-09 19:31:44+00:00,2025-01-10 01:31:44+00:00,6,2025-01-10 03:08:59+00:00,2025-01-09 12:55:53.942592+00:00,2025-01-09 21:35:03.071040+00:00,6.5972381688888895,1.6208333333333333,1.8938801891502466
25544,2025-01-09 19:31:44+00:00,2025-01-10 19:31:44+00:00,24,2025-01-11 00:18:32+00:00,2025-01-09 12:55:53.942592+00:00,2025-01-10 20:46:49.472832+00:00,6.5972381688888895,4.78,3.6638468027220856
25544,2025-01-09 19:31:44+00:00,2025-01-11 19:31:44+00:00,48,2025-01-11 22:36:17+00:00,2025-01-09 12:55:53.942592+00:00,2025-01-11 18:40:54.440832+00:00,6.5972381688888895,3.075833333333333,6.926099410077543
25544,2025-01-10 01:08:32+00:00,2025-01-10 13:08:32+00:00,12,2025-01-10 13:48:29+00:00,2025-01-10 00:03:35.631072+00:00,2025-01-10 12:06:54.350208+00:00,1.0823247022222222,0.6658333333333334,2.3572611414531073
25544,2025-01-10 01:08:32+00:00,2025-01-11 01:08:32+00:00,24,2025-01-11 01:28:36+00:00,2025-01-10 00:03:35.631072+00:00,2025-01-11 00:17:30.205824+00:00,1.0823247022222222,0.33444444444444443,4.293585586205373
25544,2025-01-10 03:08:59+00:00,2025-01-10 09:08:59+00:00,6,2025-01-10 13:48:29+00:00,2025-01-09 21:35:03.071040+00:00,2025-01-10 12:06:54.350208+00:00,5.565535822222222,4.658333333333333,0.9233728576602948
25544,2025-01-10 03:08:59+00:00,2025-01-10 15:08:59+00:00,12,2025-01-10 17:41:51+00:00,2025-01-09 21:35:03.071040+00:00,2025-01-10 11:30:07.104960+00:00,5.565535822222222,2.5477777777777777,0.11861475505381434
25544,2025-01-10 03:08:59+00:00,2025-01-11 03:08:59+00:00,24,2025-01-11 05:28:47+00:00,2025-01-09 21:35:03.071040+00:00,2025-01-11 03:21:50.508288+00:00,5.565535822222222,2.33,2.0829955388445316
25544,2025-01-10 06:38:33+00:00,2025-01-10 12:38:33+00:00,6,2025-01-10 13:48:29+00:00,2025-01-10 06:02:56.000256+00:00,2025-01-10 12:06:54.350208+00:00,0.5936110400000001,1.1655555555555555,1.080908202422224
25544,2025-01-10 06:38:33+00:00,2025-01-10 18:38:33+00:00,12,2025-01-11 00:18:32+00:00,2025-01-10 06:02:56.000256+00:00,2025-01-10 20:46:49.472832+00:00,0.5936110400000001,5.666388888888889,3.074919064377523
25544,2025-01-10 13:48:29+00:00,2025-01-10 19:48:29+00:00,6,2025-01-11 00:18:32+00:00,2025-01-10 12:06:54.350208+00:00,2025-01-10 20:46:49.472832+00:00,1.6929582755555557,4.5008333333333335,1.2092637503364008
25544,2025-01-10 13:48:29+00:00,2025-01-11 01:48:29+00:00,12,2025-01-11 05:28:47+00:00,2025-01-10 12:06:54.350208+00:00,2025-01-11 03:21:50.508288+00:00,1.6929582755555557,3.671666666666667,0.2093640829973961
25544,2025-01-10 13:48:29+00:00,2025-01-11 13:48:29+00:00,24,2025-01-11 16:56:16+00:00,2025-01-10 12:06:54.350208+00:00,2025-01-11 10:41:52.463040+00:00,1.6929582755555557,3.129722222222222,1.8838544077131565
25544,2025-01-10 13:48:29+00:00,2025-01-12 13:48:29+00:00,48,2025-01-12 15:06:17+00:00,2025-01-10 12:06:54.350208+00:00,2025-01-12 09:54:15.441408+00:00,1.6929582755555557,1.2966666666666666,389.39259504996863
25544,2025-01-10 17:41:51+00:00,2025-01-10 23:41:51+00:00,6,2025-01-11 00:18:32+00:00,2025-01-10 11:30:07.104960+00:00,2025-01-10 20:46:49.472832+00:00,6.195526399999999,0.6113888888888889,0.21039802111460762
25544,2025-01-10 17:41:51+00:00,2025-01-11 17:41:51+00:00,24,2025-01-11 18:26:14+00:00,2025-01-10 11:30:07.104960+00:00,2025-01-11 16:47:11.999616+00:00,6.195526399999999,0.7397222222222222,0.2903673120141333
25544,2025-01-10 17:41:51+00:00,2025-01-12 17:41:51+00:00,48,2025-01-12 20:06:14+00:00,2025-01-10 11:30:07.104960+00:00,2025-01-12 11:50:16.229760+00:00,6.195526399999999,2.406388888888889,445.73352942448935
25544,2025-01-11 00:18:32+00:00,2025-01-11 12:18:32+00:00,12,2025-01-11 16:56:16+00:00,2025-01-10 20:46:49.472832+00:00,2025-01-11 10:41:52.463040+00:00,3.528479768888889,4.628888888888889,0.21391514707003945
25544,2025-01-11 00:18:32+00:00,2025-01-13 00:18:32+00:00,48,2025-01-13 01:46:15+00:00,2025-01-10 20:46:49.472832+00:00,2025-01-13 00:17:09.309120+00:00,3.528479768888889,1.4619444444444445,588.0155612050411
25544,2025-01-11 01:28:36+00:00,2025-01-11 13:28:36+00:00,12,2025-01-11 16:56:16+00:00,2025-01-11 00:17:30.205824+00:00,2025-01-11 10:41:52.463040+00:00,1.1849428266666668,3.4611111111111112,1.0602843129432562
25544,2025-01-11 01:28:36+00:00,2025-01-13 01:28:36+00:00,48,2025-01-13 01:46:15+00:00,2025-01-11 00:17:30.205824+00:00,2025-01-13 00:17:09.309120+00:00,1.1849428266666668,0.2941666666666667,607.7941349688083
25544,2025-01-11 05:28:47+00:00,2025-01-11 11:28:47+00:00,6,2025-01-11 16:56:16+00:00,2025-01-11 03:21:50.508288+00:00,2025-01-11 10:41:52.463040+00:00,2.115692142222222,5.458055555555555,2.161659725428207
25544,2025-01-11 05:28:47+00:00,2025-01-11 17:28:47+00:00,12,2025-01-11 18:26:14+00:00,2025-01-11 03:21:50.508288+00:00,2025-01-11 16:47:11.999616+00:00,2.115692142222222,0.9575,2.021573017841548
25544,2025-01-11 05:28:47+00:00,2025-01-13 05:28:47+00:00,48,2025-01-13 07:06:16+00:00,2025-01-11 03:21:50.508288+00:00,2025-01-13 04:28:23.733120+00:00,2.115692142222222,1.6247222222222222,687.0494639093841
25544,2025-01-11 05:36:21+00:00,2025-01-11 11:36:21+00:00,6,2025-01-11 16:56:16+00:00,2025-01-10 22:19:36.535872+00:00,2025-01-11 10:41:52.463040+00:00,7.279017813333334,5.331944444444445,0.7819958455420556
25544,2025-01-11 05:36:21+00:00,2025-01-11 17:36:21+00:00,12,2025-01-11 18:26:14+00:00,2025-01-10 22:19:36.535872+00:00,2025-01-11 16:47:11.999616+00:00,7.279017813333334,0.8313888888888888,1.015279553182249
25544,2025-01-11 05:36:21+00:00,2025-01-13 05:36:21+00:00,48,2025-01-13 07:06:16+00:00,2025-01-10 22:19:36.535872+00:00,2025-01-13 04:28:23.733120+00:00,7.279017813333334,1.4986111111111111,679.2106771993433
25544,2025-01-11 16:56:16+00:00,2025-01-12 16:56:16+00:00,24,2025-01-12 20:06:14+00:00,2025-01-11 10:41:52.463040+00:00,2025-01-12 11:50:16.229760+00:00,6.239871377777778,3.1661111111111113,439.14684856881973
25544,2025-01-11 16:56:16+00:00,2025-01-13 16:56:16+00:00,48,2025-01-13 18:44:43+00:00,2025-01-11 10:41:52.463040+00:00,2025-01-13 09:06:55.651392+00:00,6.239871377777778,1.8075,896.6493850837264
25544,2025-01-11 17:06:14+00:00,2025-01-12 17:06:14+00:00,24,2025-01-12 20:06:14+00:00,2025-01-11 11:08:33.314208+00:00,2025-01-12 11:50:16.229760+00:00,5.961301608888889,3.0,438.77374756512086
25544,2025-01-11 17:06:14+00:00,2025-01-13 17:06:14+00:00,48,2025-01-13 18:44:43+00:00,2025-01-11 11:08:33.314208+00:00,2025-01-13 09:06:55.651392+00:00,5.961301608888889,1.6413888888888888,904.2603335747189
25544,2025-01-11 18:26:14+00:00,2025-01-12 18:26:14+00:00,24,2025-01-12 20:06:14+00:00,2025-01-11 16:47:11.999616+00:00,2025-01-12 11:50:16.229760+00:00,1.6505556622222222,1.6666666666666667,467.75917129866707
25544,2025-01-11 18:26:14+00:00,2025-01-13 18:26:14+00:00,48,2025-01-13 18:44:43+00:00,2025-01-11 16:47:11.999616+00:00,2025-01-13 09:06:55.651392+00:00,1.6505556622222222,0.3080555555555556,924.7698334631665
25544,2025-01-11 22:36:17+00:00,2025-01-12 10:36:17+00:00,12,2025-01-12 15:06:17+00:00,2025-01-11 18:40:54.440832+00:00,2025-01-12 09:54:15.441408+00:00,3.9229331022222222,4.5,324.7302460573328
25544,2025-01-11 22:36:17+00:00,2025-01-12 22:36:17+00:00,24,2025-01-13 01:46:15+00:00,2025-01-11 18:40:54.440832+00:00,2025-01-13 00:17:09.309120+00:00,3.9229331022222222,3.1661111111111113,550.0547728274182
25544,2025-01-11 22:36:17+00:00,2025-01-13 22:36:17+00:00,48,2025-01-13 22:36:24+00:00,2025-01-11 18:40:54.440832+00:00,2025-01-13 21:39:55.123776+00:00,3.9229331022222222,0.0019444444444444444,1004.233377291007
25544,2025-01-12 15:06:17+00:00,2025-01-12 21:06:17+00:00,6,2025-01-12 22:26:24+00:00,2025-01-12 09:54:15.441408+00:00,2025-01-12 21:05:45.969792+00:00,5.200432942222222,1.3352777777777778,1.371761285190852
25544,2025-01-12 15:06:17+00:00,2025-01-13 03:06:17+00:00,12,2025-01-13 07:06:16+00:00,2025-01-12 09:54:15.441408+00:00,2025-01-13 04:28:23.733120+00:00,5.200432942222222,3.999722222222222,0.31186877073092334
25544,2025-01-12 15:06:17+00:00,2025-01-13 15:06:17+00:00,24,2025-01-13 15:06:18+00:00,2025-01-12 09:54:15.441408+00:00,2025-01-13 09:06:55.653984+00:00,5.200432942222222,0.0002777777777777778,0.5591275446381406
25544,2025-01-12 15:06:17+00:00,2025-01-14 15:06:17+00:00,48,2025-01-14 15:06:17+00:00,2025-01-12 09:54:15.441408+00:00,2025-01-14 09:52:24.789792+00:00,5.200432942222222,0.0,1.7977274018290228
25544,2025-01-12 20:06:14+00:00,2025-01-13 02:06:14+00:00,6,2025-01-13 07:06:16+00:00,2025-01-12 11:50:16.229760+00:00,2025-01-13 04:28:23.733120+00:00,8.26604728888889,5.000555555555556,14.6870010987921
25544,2025-01-12 20:06:14+00:00,2025-01-13 20:06:14+00:00,24,2025-01-13 22:36:24+00:00,2025-01-12 11:50:16.229760+00:00,2025-01-13 21:39:55.123776+00:00,8.26604728888889,2.5027777777777778,46.82143674072967
25544,2025-01-12 20:06:14+00:00,2025-01-14 20:06:14+00:00,48,2025-01-14 21:46:15+00:00,2025-01-12 11:50:16.229760+00:00,2025-01-14 19:28:45.865344+00:00,8.26604728888889,1.6669444444444443,114.09991332025734
25544,2025-01-12 22:26:24+00:00,2025-01-13 04:26:24+00:00,6,2025-01-13 07:06:16+00:00,2025-01-12 21:05:45.969792+00:00,2025-01-13 04:28:23.733120+00:00,1.34389728,2.6644444444444444,2.2757736568981097
25544,2025-01-12 22:26:24+00:00,2025-01-13 10:26:24+00:00,12,2025-01-13 15:06:18+00:00,2025-01-12 21:05:45.969792+00:00,2025-01-13 09:06:55.653984+00:00,1.34389728,4.665,2.853134548546649
25544,2025-01-12 22:26:24+00:00,2025-01-13 22:26:24+00:00,24,2025-01-13 22:36:24+00:00,2025-01-12 21:05:45.969792+00:00,2025-01-13 21:39:55.123776+00:00,1.34389728,0.16666666666666666,2.382003112057295
25544,2025-01-12 22:26:24+00:00,2025-01-14 22:26:24+00:00,48,2025-01-14 22:46:16+00:00,2025-01-12 21:05:45.969792+00:00,2025-01-14 20:52:51.327264+00:00,1.34389728,0.33111111111111113,3.8787311009668306
25544,2025-01-13 01:46:15+00:00,2025-01-13 13:46:15+00:00,12,2025-01-13 15:06:18+00:00,2025-01-13 00:17:09.309120+00:00,2025-01-13 09:06:55.653984+00:00,1.4849141333333333,1.3341666666666667,2.43195742839963
25544,2025-01-13 01:46:15+00:00,2025-01-14 01:46:15+00:00,24,2025-01-14 01:59:04+00:00,2025-01-13 00:17:09.309120+00:00,2025-01-13 21:29:40.483680+00:00,1.4849141333333333,0.2136111111111111,4.968300627785852
25544,2025-01-13 01:46:15+00:00,2025-01-15 01:46:15+00:00,48,2025-01-15 04:09:50+00:00,2025-01-13 00:17:09.309120+00:00,2025-01-14 20:42:18.171648+00:00,1.4849141333333333,2.3930555555555557,17.174357840461422
25544,2025-01-13 02:04:43+00:00,2025-01-13 14:04:43+00:00,12,2025-01-13 15:06:18+00:00,2025-01-12 20:44:10.391424+00:00,2025-01-13 09:06:55.653984+00:00,5.342391271111111,1.0263888888888888,0.45021886131679695
25544,2025-01-13 02:04:43+00:00,2025-01-14 02:04:43+00:00,24,2025-01-14 04:16:15+00:00,2025-01-12 20:44:10.391424+00:00,2025-01-14 02:33:10.787904+00:00,5.342391271111111,2.192222222222222,0.974543954562539
25544,2025-01-13 02:04:43+00:00,2025-01-15 02:04:43+00:00,48,2025-01-15 04:09:50+00:00,2025-01-12 20:44:10.391424+00:00,2025-01-14 20:42:18.171648+00:00,5.342391271111111,2.085277777777778,4.606524806372397
25544,2025-01-13 07:06:16+00:00,2025-01-13 13:06:16+00:00,6,2025-01-13 15:06:18+00:00,2025-01-13 04:28:23.733120+00:00,2025-01-13 09:06:55.653984+00:00,2.631185244444444,2.0005555555555556,0.1247206793617989
25544,2025-01-13 07:06:16+00:00,2025-01-13 19:06:16+00:00,12,2025-01-13 22:36:24+00:00,2025-01-13 04:28:23.733120+00:00,2025-01-13 21:39:55.123776+00:00,2.631185244444444,3.502222222222222,1.0767629494460806
25544,2025-01-13 15:06:18+00:00,2025-01-13 21:06:18+00:00,6,2025-01-13 22:36:24+00:00,2025-01-13 09:06:55.653984+00:00,2025-01-13 21:39:55.123776+00:00,5.98954056,1.5016666666666667,1.0700582878296043
25544,2025-01-13 15:06:18+00:00,2025-01-14 03:06:18+00:00,12,2025-01-14 04:16:15+00:00,2025-01-13 09:06:55.653984+00:00,2025-01-14 02:33:10.787904+00:00,5.98954056,1.1658333333333333,0.41480949625127816
25544,2025-01-13 15:06:18+00:00,2025-01-14 15:06:18+00:00,24,2025-01-14 17:39:45+00:00,2025-01-13 09:06:55.653984+00:00,2025-01-14 09:52:24.783744+00:00,5.98954056,2.5575,0.9839892120278392
25544,2025-01-13 15:06:18+00:00,2025-01-15 15:06:18+00:00,48,2025-01-15 17:36:14+00:00,2025-01-13 09:06:55.653984+00:00,2025-01-15 17:03:34.506720+00:00,5.98954056,2.4988888888888887,5.756598683687762
25544,2025-01-13 18:44:43+00:00,2025-01-14 00:44:43+00:00,6,2025-01-14 01:59:04+00:00,2025-01-13 09:06:55.651392+00:00,2025-01-13 21:29:40.483680+00:00,9.629819057777778,1.2391666666666667,0.39797712846513267
25544,2025-01-13 18:44:43+00:00,2025-01-14 18:44:43+00:00,24,2025-01-14 21:46:15+00:00,2025-01-13 09:06:55.651392+00:00,2025-01-14 19:28:45.865344+00:00,9.629819057777778,3.0255555555555556,6.0590542884600085
25544,2025-01-13 22:36:24+00:00,2025-01-14 04:36:24+00:00,6,2025-01-14 06:36:16+00:00,2025-01-13 21:39:55.123776+00:00,2025-01-14 05:50:34.683936+00:00,0.9413545066666666,1.9977777777777779,1.2866386265319711
25544,2025-01-13 22:36:24+00:00,2025-01-14 10:36:24+00:00,12,2025-01-14 15:06:17+00:00,2025-01-13 21:39:55.123776+00:00,2025-01-14 09:52:24.789792+00:00,0.9413545066666666,4.498055555555555,1.5991500296128358
25544,2025-01-13 22:36:24+00:00,2025-01-14 22:36:24+00:00,24,2025-01-14 22:46:16+00:00,2025-01-13 21:39:55.123776+00:00,2025-01-14 20:52:51.327264+00:00,0.9413545066666666,0.16444444444444445,2.309225113885434
25544,2025-01-13 22:36:24+00:00,2025-01-15 22:36:24+00:00,48,2025-01-16 01:16:22+00:00,2025-01-13 21:39:55.123776+00:00,2025-01-15 23:28:36.460128+00:00,0.9413545066666666,2.6661111111111113,1.1717345685047367
25544,2025-01-14 01:59:04+00:00,2025-01-14 13:59:04+00:00,12,2025-01-14 15:06:17+00:00,2025-01-13 21:29:40.483680+00:00,2025-01-14 09:52:24.789792+00:00,4.4898656444444445,1.1202777777777777,1.1404589800615004
25544,2025-01-14 01:59:04+00:00,2025-01-15 01:59:04+00:00,24,2025-01-15 04:09:50+00:00,2025-01-13 21:29:40.483680+00:00,2025-01-14 20:42:18.171648+00:00,4.4898656444444445,2.1794444444444445,2.489837438727944
25544,2025-01-14 01:59:04+00:00,2025-01-16 01:59:04+00:00,48,2025-01-16 04:16:15+00:00,2025-01-13 21:29:40.483680+00:00,2025-01-16 02:32:35.083968+00:00,4.4898656444444445,2.286388888888889,8.184588929538712
25544,2025-01-14 04:16:15+00:00,2025-01-14 10:16:15+00:00,6,2025-01-14 15:06:17+00:00,2025-01-14 02:33:10.787904+00:00,2025-01-14 09:52:24.789792+00:00,1.7178366933333333,4.833888888888889,0.6591673914788764
25544,2025-01-14 04:16:15+00:00,2025-01-14 16:16:15+00:00,12,2025-01-14 17:39:45+00:00,2025-01-14 02:33:10.787904+00:00,2025-01-14 09:52:24.783744+00:00,1.7178366933333333,1.3916666666666666,1.1000960463963616
25544,2025-01-14 04:16:15+00:00,2025-01-15 04:16:15+00:00,24,2025-01-15 04:16:15+00:00,2025-01-14 02:33:10.787904+00:00,2025-01-15 03:17:05.810784+00:00,1.7178366933333333,0.0,1.4897564582063079
25544,2025-01-14 04:16:15+00:00,2025-01-16 04:16:15+00:00,48,2025-01-16 04:16:15+00:00,2025-01-14 02:33:10.787904+00:00,2025-01-16 02:32:35.083968+00:00,1.7178366933333333,0.0,6.124660029482342
25544,2025-01-14 06:36:16+00:00,2025-01-14 12:36:16+00:00,6,2025-01-14 15:06:17+00:00,2025-01-14 05:50:34.683936+00:00,2025-01-14 09:52:24.789792+00:00,0.7614766844444445,2.500277777777778,0.41029499077413856
25544,2025-01-14 06:36:16+00:00,2025-01-14 18:36:16+00:00,12,2025-01-14 21:46:15+00:00,2025-01-14 05:50:34.683936+00:00,2025-01-14 19:28:45.865344+00:00,0.7614766844444445,3.1663888888888887,3.7522093694286567
25544,2025-01-14 15:06:17+00:00,2025-01-14 21:06:17+00:00,6,2025-01-14 21:46:15+00:00,2025-01-14 09:52:24.789792+00:00,2025-01-14 19:28:45.865344+00:00,5.231169502222222,0.6661111111111111,1.9273007737542807
25544,2025-01-14 15:06:17+00:00,2025-01-15 03:06:17+00:00,12,2025-01-15 04:09:50+00:00,2025-01-14 09:52:24.789792+00:00,2025-01-14 20:42:18.171648+00:00,5.231169502222222,1.0591666666666666,0.16120982639705325
25544,2025-01-14 15:06:17+00:00,2025-01-15 15:06:17+00:00,24,2025-01-15 17:36:14+00:00,2025-01-14 09:52:24.789792+00:00,2025-01-15 17:03:34.506720+00:00,5.231169502222222,2.4991666666666665,2.599888621621606
25544,2025-01-14 15:06:17+00:00,2025-01-16 15:06:17+00:00,48,2025-01-16 17:17:14+00:00,2025-01-14 09:52:24.789792+00:00,2025-01-16 08:43:03.287136+00:00,5.231169502222222,2.1825,6.946678742462411
25544,2025-01-14 17:39:45+00:00,2025-01-14 23:39:45+00:00,6,2025-01-15 04:09:50+00:00,2025-01-14 09:52:24.783744+00:00,2025-01-14 20:42:18.171648+00:00,7.78894896,4.501388888888889,0.09160020726001404
25544,2025-01-14 17:39:45+00:00,2025-01-16 17:39:45+00:00,48,2025-01-16 23:36:16+00:00,2025-01-14 09:52:24.783744+00:00,2025-01-16 20:40:17.720544+00:00,7.78894896,5.941944444444444,6.647733996250245
25544,2025-01-14 17:56:15+00:00,2025-01-14 23:56:15+00:00,6,2025-01-15 04:09:50+00:00,2025-01-14 10:20:22.581888+00:00,2025-01-14 20:42:18.171648+00:00,7.59789392,4.226388888888889,18.09915709034473
25544,2025-01-14 17:56:15+00:00,2025-01-16 17:56:15+00:00,48,2025-01-16 23:36:16+00:00,2025-01-14 10:20:22.581888+00:00,2025-01-16 20:40:17.720544+00:00,7.59789392,5.666944444444445,154.52526678689316
25544,2025-01-14 21:46:15+00:00,2025-01-15 03:46:15+00:00,6,2025-01-15 04:09:50+00:00,2025-01-14 19:28:45.865344+00:00,2025-01-14 20:42:18.171648+00:00,2.2914262933333336,0.39305555555555555,5.932669402442575
25544,2025-01-14 21:46:15+00:00,2025-01-15 09:46:15+00:00,12,2025-01-15 14:36:16+00:00,2025-01-14 19:28:45.865344+00:00,2025-01-15 09:31:38.660736+00:00,2.2914262933333336,4.833611111111111,6.3427794228872845
25544,2025-01-14 21:46:15+00:00,2025-01-15 21:46:15+00:00,24,2025-01-16 01:16:22+00:00,2025-01-14 19:28:45.865344+00:00,2025-01-15 23:28:36.460128+00:00,2.2914262933333336,3.5019444444444443,13.088644148699911
25544,2025-01-14 21:46:15+00:00,2025-01-16 21:46:15+00:00,48,2025-01-16 23:36:16+00:00,2025-01-14 19:28:45.865344+00:00,2025-01-16 20:40:17.720544+00:00,2.2914262933333336,1.833611111111111,33.11025055062547
25544,2025-01-14 22:46:16+00:00,2025-01-15 10:46:16+00:00,12,2025-01-15 14:36:16+00:00,2025-01-14 20:52:51.327264+00:00,2025-01-15 09:31:38.660736+00:00,1.8901868711111112,3.8333333333333335,3.6359658466874456
25544,2025-01-14 22:46:16+00:00,2025-01-15 22:46:16+00:00,24,2025-01-16 01:16:22+00:00,2025-01-14 20:52:51.327264+00:00,2025-01-15 23:28:36.460128+00:00,1.8901868711111112,2.5016666666666665,2.698595067873513
25544,2025-01-14 22:46:16+00:00,2025-01-16 22:46:16+00:00,48,2025-01-16 23:36:16+00:00,2025-01-14 20:52:51.327264+00:00,2025-01-16 20:40:17.720544+00:00,1.8901868711111112,0.8333333333333334,10.81108263869944
25544,2025-01-15 04:09:50+00:00,2025-01-15 10:09:50+00:00,6,2025-01-15 14:36:16+00:00,2025-01-14 20:42:18.171648+00:00,2025-01-15 09:31:38.660736+00:00,7.458841208888889,4.440555555555555,2.4027521513354877
25544,2025-01-15 04:09:50+00:00,2025-01-15 16:09:50+00:00,12,2025-01-15 17:36:14+00:00,2025-01-14 20:42:18.171648+00:00,2025-01-15 17:03:34.506720+00:00,7.458841208888889,1.44,1.4001347761498153
25544,2025-01-15 04:09:50+00:00,2025-01-16 04:09:50+00:00,24,2025-01-16 04:16:15+00:00,2025-01-14 20:42:18.171648+00:00,2025-01-16 02:32:35.083968+00:00,7.458841208888889,0.10694444444444444,1.250473626135319
25544,2025-01-15 04:09:50+00:00,2025-01-17 04:09:50+00:00,48,2025-01-17 06:56:24+00:00,2025-01-14 20:42:18.171648+00:00,2025-01-17 02:51:38.223360+00:00,7.458841208888889,2.776111111111111,9.270628483205163
25544,2025-01-15 04:16:15+00:00,2025-01-15 10:16:15+00:00,6,2025-01-15 14:36:16+00:00,2025-01-15 03:17:05.810784+00:00,2025-01-15 09:31:38.660736+00:00,0.9858858933333334,4.333611111111111,2.9828466942986323
25544,2025-01-15 04:16:15+00:00,2025-01-15 16:16:15+00:00,12,2025-01-15 17:36:14+00:00,2025-01-15 03:17:05.810784+00:00,2025-01-15 17:03:34.506720+00:00,0.9858858933333334,1.3330555555555557,2.169276711283479
25544,2025-01-15 04:16:15+00:00,2025-01-16 04:16:15+00:00,24,2025-01-16 04:16:15+00:00,2025-01-15 03:17:05.810784+00:00,2025-01-16 02:32:35.083968+00:00,0.9858858933333334,0.0,3.3185629989822565
25544,2025-01-15 04:16:15+00:00,2025-01-17 04:16:15+00:00,48,2025-01-17 06:56:24+00:00,2025-01-15 03:17:05.810784+00:00,2025-01-17 02:51:38.223360+00:00,0.9858858933333334,2.6691666666666665,13.544527767137733
25544,2025-01-15 14:36:16+00:00,2025-01-15 20:36:16+00:00,6,2025-01-16 01:16:22+00:00,2025-01-15 09:31:38.660736+00:00,2025-01-15 23:28:36.460128+00:00,5.077038684444444,4.668333333333333,3.4728646119661697
25544,2025-01-15 14:36:16+00:00,2025-01-16 02:36:16+00:00,12,2025-01-16 04:16:15+00:00,2025-01-15 09:31:38.660736+00:00,2025-01-16 02:32:35.083968+00:00,5.077038684444444,1.666388888888889,8.374521130413893
25544,2025-01-15 14:36:16+00:00,2025-01-16 14:36:16+00:00,24,2025-01-16 17:17:14+00:00,2025-01-15 09:31:38.660736+00:00,2025-01-16 08:43:03.287136+00:00,5.077038684444444,2.682777777777778,11.8338009345519
25544,2025-01-15 14:36:16+00:00,2025-01-17 14:36:16+00:00,48,2025-01-17 14:56:16+00:00,2025-01-15 09:31:38.660736+00:00,2025-01-17 07:30:08.494848+00:00,5.077038684444444,0.3333333333333333,23.46112027107828
25544,2025-01-15 17:36:14+00:00,2025-01-15 23:36:14+00:00,6,2025-01-16 01:16:22+00:00,2025-01-15 17:03:34.506720+00:00,2025-01-15 23:28:36.460128+00:00,0.5443036888888889,1.6688888888888889,3.1370693432765244
25544,2025-01-15 17:36:14+00:00,2025-01-17 17:36:14+00:00,48,2025-01-17 18:06:29+00:00,2025-01-15 17:03:34.506720+00:00,2025-01-17 17:03:32.590368+00:00,0.5443036888888889,0.5041666666666667,88.53292251368269
25544,2025-01-16 01:16:22+00:00,2025-01-16 13:16:22+00:00,12,2025-01-16 17:17:14+00:00,2025-01-15 23:28:36.460128+00:00,2025-01-16 08:43:03.287136+00:00,1.7959832977777779,4.014444444444444,17.628749240255523
25544,2025-01-16 01:16:22+00:00,2025-01-17 01:16:22+00:00,24,2025-01-17 06:56:24+00:00,2025-01-15 23:28:36.460128+00:00,2025-01-17 02:51:38.223360+00:00,1.7959832977777779,5.667222222222223,41.57460606085144
25544,2025-01-16 01:16:22+00:00,2025-01-18 01:16:22+00:00,48,2025-01-18 03:06:30+00:00,2025-01-15 23:28:36.460128+00:00,2025-01-18 00:55:31.204704+00:00,1.7959832977777779,1.8355555555555556,121.50404523599883
25544,2025-01-16 04:16:15+00:00,2025-01-16 16:16:15+00:00,12,2025-01-16 17:17:14+00:00,2025-01-16 02:32:35.083968+00:00,2025-01-16 08:43:03.287136+00:00,1.7277544533333333,1.0163888888888888,4.8201229191443815
25544,2025-01-16 04:16:15+00:00,2025-01-17 04:16:15+00:00,24,2025-01-17 06:56:24+00:00,2025-01-16 02:32:35.083968+00:00,2025-01-17 02:51:38.223360+00:00,1.7277544533333333,2.6691666666666665,7.437582099147113
25544,2025-01-16 05:20:38+00:00,2025-01-16 11:20:38+00:00,6,2025-01-16 17:17:14+00:00,2025-01-15 21:27:44.249760+00:00,2025-01-16 08:43:03.287136+00:00,7.881597288888889,5.943333333333333,2.565447978650813
25544,2025-01-16 05:20:38+00:00,2025-01-17 05:20:38+00:00,24,2025-01-17 06:56:24+00:00,2025-01-15 21:27:44.249760+00:00,2025-01-17 02:51:38.223360+00:00,7.881597288888889,1.596111111111111,5.256319689194492
25544,2025-01-16 17:17:14+00:00,2025-01-16 23:17:14+00:00,6,2025-01-16 23:36:16+00:00,2025-01-16 08:43:03.287136+00:00,2025-01-16 20:40:17.720544+00:00,8.569642462222223,0.31722222222222224,2.0071624114396522
25544,2025-01-16 17:17:14+00:00,2025-01-17 05:17:14+00:00,12,2025-01-17 06:56:24+00:00,2025-01-16 08:43:03.287136+00:00,2025-01-17 02:51:38.223360+00:00,8.569642462222223,1.6527777777777777,6.03775307043419
25544,2025-01-16 17:17:14+00:00,2025-01-17 17:17:14+00:00,24,2025-01-17 18:06:29+00:00,2025-01-16 08:43:03.287136+00:00,2025-01-17 17:03:32.590368+00:00,8.569642462222223,0.8208333333333333,17.4634306083424
25544,2025-01-16 17:17:14+00:00,2025-01-18 17:17:14+00:00,48,2025-01-18 17:32:39+00:00,2025-01-16 08:43:03.287136+00:00,2025-01-18 08:15:28.355616+00:00,8.569642462222223,0.2569444444444444,60.01136450501338
25544,2025-01-16 23:36:16+00:00,2025-01-17 05:36:16+00:00,6,2025-01-17 06:56:24+00:00,2025-01-16 20:40:17.720544+00:00,2025-01-17 02:51:38.223360+00:00,2.9328554044444446,1.3355555555555556,0.5871383557481301
25544,2025-01-16 23:36:16+00:00,2025-01-17 11:36:16+00:00,12,2025-01-17 14:56:16+00:00,2025-01-16 20:40:17.720544+00:00,2025-01-17 07:30:08.494848+00:00,2.9328554044444446,3.3333333333333335,1.2367792401913966
25544,2025-01-16 23:36:16+00:00,2025-01-17 23:36:16+00:00,24,2025-01-18 03:06:30+00:00,2025-01-16 20:40:17.720544+00:00,2025-01-18 00:55:31.204704+00:00,2.9328554044444446,3.503888888888889,0.9636248545645381
25544,2025-01-16 23:36:16+00:00,2025-01-18 23:36:16+00:00,48,2025-01-19 01:36:14+00:00,2025-01-16 20:40:17.720544+00:00,2025-01-19 00:07:19.934976+00:00,2.9328554044444446,1.9994444444444444,5.766431545678376
25544,2025-01-17 06:56:24+00:00,2025-01-17 12:56:24+00:00,6,2025-01-17 14:56:16+00:00,2025-01-17 02:51:38.223360+00:00,2025-01-17 07:30:08.494848+00:00,4.0793824,1.9977777777777779,0.43437571912263095
25544,2025-01-17 06:56:24+00:00,2025-01-17 18:56:24+00:00,12,2025-01-17 23:26:15+00:00,2025-01-17 02:51:38.223360+00:00,2025-01-17 21:25:38.756352+00:00,4.0793824,4.4975,0.3347278749566432
25544,2025-01-17 06:56:24+00:00,2025-01-19 06:56:24+00:00,48,2025-01-19 11:46:15+00:00,2025-01-17 02:51:38.223360+00:00,2025-01-19 08:03:10.370016+00:00,4.0793824,4.8308333333333335,3.797950601598724
25544,2025-01-17 08:56:15+00:00,2025-01-17 14:56:15+00:00,6,2025-01-17 14:56:16+00:00,2025-01-17 06:34:14.815776+00:00,2025-01-17 07:30:08.494848+00:00,2.36671784,0.0002777777777777778,2.7774699376520653
25544,2025-01-17 08:56:15+00:00,2025-01-17 20:56:15+00:00,12,2025-01-17 23:26:15+00:00,2025-01-17 06:34:14.815776+00:00,2025-01-17 21:25:38.756352+00:00,2.36671784,2.5,4.130936489461856
25544,2025-01-17 08:56:15+00:00,2025-01-19 08:56:15+00:00,48,2025-01-19 11:46:15+00:00,2025-01-17 06:34:14.815776+00:00,2025-01-19 08:03:10.370016+00:00,2.36671784,2.8333333333333335,18.209091389247707
25544,2025-01-17 14:56:16+00:00,2025-01-17 20:56:16+00:00,6,2025-01-17 23:26:15+00:00,2025-01-17 07:30:08.494848+00:00,2025-01-17 21:25:38.756352+00:00,7.435418097777778,2.499722222222222,0.4450191512566851
25544,2025-01-17 14:56:16+00:00,2025-01-18 02:56:16+00:00,12,2025-01-18 03:06:30+00:00,2025-01-17 07:30:08.494848+00:00,2025-01-18 00:55:31.204704+00:00,7.435418097777778,0.17055555555555554,2.3737216836847272
25544,2025-01-17 14:56:16+00:00,2025-01-18 14:56:16+00:00,24,2025-01-18 15:06:23+00:00,2025-01-17 07:30:08.494848+00:00,2025-01-18 08:15:28.358208+00:00,7.435418097777778,0.1686111111111111,1.7991445841159466
25544,2025-01-17 14:56:16+00:00,2025-01-19 14:56:16+00:00,48,2025-01-19 18:26:14+00:00,2025-01-17 07:30:08.494848+00:00,2025-01-19 17:02:43.156608+00:00,7.435418097777778,3.4994444444444444,1.6053056051300065
25544,2025-01-17 18:06:29+00:00,2025-01-18 00:06:29+00:00,6,2025-01-18 03:06:30+00:00,2025-01-17 17:03:32.590368+00:00,2025-01-18 00:55:31.204704+00:00,1.0490026755555555,3.000277777777778,4.434765774138032
25544,2025-01-17 18:06:29+00:00,2025-01-18 18:06:29+00:00,24,2025-01-18 22:26:15+00:00,2025-01-17 17:03:32.590368+00:00,2025-01-18 21:02:59.779392+00:00,1.0490026755555555,4.329444444444444,21.591925788387158
25544,2025-01-17 18:06:29+00:00,2025-01-19 18:06:29+00:00,48,2025-01-19 18:26:14+00:00,2025-01-17 17:03:32.590368+00:00,2025-01-19 17:02:43.156608+00:00,1.0490026755555555,0.32916666666666666,74.08712856889036
25544,2025-01-17 23:26:15+00:00,2025-01-18 11:26:15+00:00,12,2025-01-18 15:06:23+00:00,2025-01-17 21:25:38.756352+00:00,2025-01-18 08:15:28.358208+00:00,2.0100676799999997,3.668888888888889,0.3824112431270679
25544,2025-01-17 23:26:15+00:00,2025-01-18 23:26:15+00:00,24,2025-01-19 01:36:14+00:00,2025-01-17 21:25:38.756352+00:00,2025-01-19 00:07:19.934976+00:00,2.0100676799999997,2.1663888888888887,1.897942236760518
25544,2025-01-17 23:26:15+00:00,2025-01-19 23:26:15+00:00,48,2025-01-20 02:06:14+00:00,2025-01-17 21:25:38.756352+00:00,2025-01-20 00:55:09.877728+00:00,2.0100676799999997,2.6663888888888887,2.3378108105490774
25544,2025-01-18 03:06:30+00:00,2025-01-18 09:06:30+00:00,6,2025-01-18 15:06:23+00:00,2025-01-18 00:55:31.204704+00:00,2025-01-18 08:15:28.358208+00:00,2.1829986933333334,5.998055555555555,2.5481337415627268
25544,2025-01-18 03:06:30+00:00,2025-01-18 15:06:30+00:00,12,2025-01-18 17:32:39+00:00,2025-01-18 00:55:31.204704+00:00,2025-01-18 08:15:28.355616+00:00,2.1829986933333334,2.4358333333333335,4.07509538225521
25544,2025-01-18 03:06:30+00:00,2025-01-19 03:06:30+00:00,24,2025-01-19 06:46:16+00:00,2025-01-18 00:55:31.204704+00:00,2025-01-19 06:36:19.711296+00:00,2.1829986933333334,3.662777777777778,6.862319917175087
25544,2025-01-18 03:06:30+00:00,2025-01-20 03:06:30+00:00,48,2025-01-20 03:16:43+00:00,2025-01-18 00:55:31.204704+00:00,2025-01-19 19:50:33.186336+00:00,2.1829986933333334,0.17027777777777778,15.288200802338077
25544,2025-01-18 15:06:23+00:00,2025-01-18 21:06:23+00:00,6,2025-01-18 22:26:15+00:00,2025-01-18 08:15:28.358208+00:00,2025-01-18 21:02:59.779392+00:00,6.848511608888889,1.3311111111111111,0.6631824602238743
25544,2025-01-18 15:06:23+00:00,2025-01-19 03:06:23+00:00,12,2025-01-19 06:46:16+00:00,2025-01-18 08:15:28.358208+00:00,2025-01-19 06:36:19.711296+00:00,6.848511608888889,3.664722222222222,0.39056517946461305
25544,2025-01-18 15:06:23+00:00,2025-01-19 15:06:23+00:00,24,2025-01-19 18:26:14+00:00,2025-01-18 08:15:28.358208+00:00,2025-01-19 17:02:43.156608+00:00,6.848511608888889,3.3308333333333335,1.6296462065239317
25544,2025-01-18 17:32:39+00:00,2025-01-18 23:32:39+00:00,6,2025-01-19 01:36:14+00:00,2025-01-18 08:15:28.355616+00:00,2025-01-19 00:07:19.934976+00:00,9.286290106666666,2.0597222222222222,0.773970692698915
25544,2025-01-18 17:32:39+00:00,2025-01-19 05:32:39+00:00,12,2025-01-19 06:46:16+00:00,2025-01-18 08:15:28.355616+00:00,2025-01-19 06:36:19.711296+00:00,9.286290106666666,1.2269444444444444,0.23288098395372522
25544,2025-01-18 17:32:39+00:00,2025-01-19 17:32:39+00:00,24,2025-01-19 18:26:14+00:00,2025-01-18 08:15:28.355616+00:00,2025-01-19 17:02:43.156608+00:00,9.286290106666666,0.8930555555555556,3.8243886956584094
25544,2025-01-18 22:26:15+00:00,2025-01-19 04:26:15+00:00,6,2025-01-19 06:46:16+00:00,2025-01-18 21:02:59.779392+00:00,2025-01-19 06:36:19.711296+00:00,1.38756128,2.3336111111111113,0.8469485797839859
25544,2025-01-18 22:26:15+00:00,2025-01-19 10:26:15+00:00,12,2025-01-19 11:46:15+00:00,2025-01-18 21:02:59.779392+00:00,2025-01-19 08:03:10.370016+00:00,1.38756128,1.3333333333333333,1.230673915131059
25544,2025-01-18 22:26:15+00:00,2025-01-19 22:26:15+00:00,24,2025-01-20 02:06:14+00:00,2025-01-18 21:02:59.779392+00:00,2025-01-20 00:55:09.877728+00:00,1.38756128,3.6663888888888887,3.3463166701548985
25544,2025-01-19 01:36:14+00:00,2025-01-19 07:36:14+00:00,6,2025-01-19 11:46:15+00:00,2025-01-19 00:07:19.934976+00:00,2025-01-19 08:03:10.370016+00:00,1.481684728888889,4.166944444444445,1.0521072654864532
25544,2025-01-19 01:36:14+00:00,2025-01-19 13:36:14+00:00,12,2025-01-19 18:26:14+00:00,2025-01-19 00:07:19.934976+00:00,2025-01-19 17:02:43.156608+00:00,1.481684728888889,4.833333333333333,3.2098927932742156
25544,2025-01-19 01:36:14+00:00,2025-01-20 01:36:14+00:00,24,2025-01-20 02:06:14+00:00,2025-01-19 00:07:19.934976+00:00,2025-01-20 00:55:09.877728+00:00,1.481684728888889,0.5,3.5467155570445312
25544,2025-01-19 02:21:50+00:00,2025-01-19 08:21:50+00:00,6,2025-01-19 11:46:15+00:00,2025-01-18 20:38:07.242720+00:00,2025-01-19 08:03:10.370016+00:00,5.728543688888889,3.4069444444444446,0.44008659269576494
25544,2025-01-19 02:21:50+00:00,2025-01-19 14:21:50+00:00,12,2025-01-19 18:26:14+00:00,2025-01-18 20:38:07.242720+00:00,2025-01-19 17:02:43.156608+00:00,5.728543688888889,4.073333333333333,2.0137318957169
25544,2025-01-19 02:21:50+00:00,2025-01-20 02:21:50+00:00,24,2025-01-20 03:16:43+00:00,2025-01-18 20:38:07.242720+00:00,2025-01-19 19:50:33.186336+00:00,5.728543688888889,0.9147222222222222,0.8212297944325535
25544,2025-01-19 06:46:16+00:00,2025-01-19 12:46:16+00:00,6,2025-01-19 18:26:14+00:00,2025-01-19 06:36:19.711296+00:00,2025-01-19 17:02:43.156608+00:00,0.16563575111111112,5.666111111111111,1.422532229535763
25544,2025-01-19 06:46:16+00:00,2025-01-19 18:46:16+00:00,12,2025-01-19 21:46:15+00:00,2025-01-19 06:36:19.711296+00:00,2025-01-19 20:16:01.002720+00:00,0.16563575111111112,2.999722222222222,1.1020179394598262
25544,2025-01-19 11:46:15+00:00,2025-01-19 17:46:15+00:00,6,2025-01-19 18:26:14+00:00,2025-01-19 08:03:10.370016+00:00,2025-01-19 17:02:43.156608+00:00,3.7179527733333333,0.6663888888888889,3.8134294836025067
25544,2025-01-19 11:46:15+00:00,2025-01-19 23:46:15+00:00,12,2025-01-20 02:06:14+00:00,2025-01-19 08:03:10.370016+00:00,2025-01-20 00:55:09.877728+00:00,3.7179527733333333,2.3330555555555557,0.2895153855469532
25544,2025-01-19 18:26:14+00:00,2025-01-20 00:26:14+00:00,6,2025-01-20 02:06:14+00:00,2025-01-19 17:02:43.156608+00:00,2025-01-20 00:55:09.877728+00:00,1.3919009422222222,1.6666666666666667,6.436589807278317
25544,2025-01-19 18:31:59+00:00,2025-01-20 00:31:59+00:00,6,2025-01-20 02:06:14+00:00,2025-01-19 07:27:55.681632+00:00,2025-01-20 00:55:09.877728+00:00,11.067588435555555,1.5708333333333333,1.00463049357721
