dataset,bin,mean_predicted_probability,observed_positive_rate,sample_count
Validation,0,0.016302647,0.009848484848484848,1320
Validation,1,0.13733834,0.2,175
Validation,2,0.25454047,0.30612244897959184,98
Validation,3,0.35091487,0.33766233766233766,77
Validation,4,0.44212282,0.3484848484848485,66
Validation,5,0.5557254,0.6071428571428571,28
Validation,6,0.6445233,0.6585365853658537,41
Validation,7,0.7550129,0.7777777777777778,45
Validation,8,0.8498179,0.8255813953488372,86
Validation,9,0.93703127,0.92,75
Temporal Test,0,0.017223403,0.014714537963507945,1699
Temporal Test,1,0.14351767,0.16595744680851063,235
Temporal Test,2,0.2525113,0.3722627737226277,137
Temporal Test,3,0.35190243,0.43333333333333335,90
Temporal Test,4,0.44483995,0.45569620253164556,79
Temporal Test,5,0.54630065,0.4772727272727273,44
Temporal Test,6,0.64658594,0.5510204081632653,49
Temporal Test,7,0.756634,0.6463414634146342,82
Temporal Test,8,0.85211706,0.7087378640776699,103
Temporal Test,9,0.93768597,0.7012987012987013,77
Unseen ISS Test,0,0.063463196,0.06521739130434782,138
Unseen ISS Test,1,0.14294565,0.168141592920354,113
Unseen ISS Test,2,0.25636637,0.5094339622641509,53
Unseen ISS Test,3,0.35404268,0.5384615384615384,39
Unseen ISS Test,4,0.446939,0.5666666666666667,30
Unseen ISS Test,5,0.5491816,0.6153846153846154,13
Unseen ISS Test,6,0.65294987,0.8333333333333334,18
Unseen ISS Test,7,0.76702285,0.8108108108108109,37
Unseen ISS Test,8,0.85655874,0.8571428571428571,56
Unseen ISS Test,9,0.93401563,0.8260869565217391,23
