experiment,configuration,validation_pr_auc,validation_roc_auc,validation_brier,validation_logloss
error_threshold_0p5km,strong_regularization,0.8131804763540615,0.9167623071085252,0.1126930937170982,0.3508630096912384
error_threshold_0p5km,shallow_regularized,0.808021068597508,0.9144801416645584,0.1121201813220977,0.3487513363361358
error_threshold_0p5km,baseline,0.8076283645098176,0.9143113078674424,0.1111364513635635,0.3460563719272613
error_threshold_0p5km,low_depth,0.8071847072812132,0.9145190994181632,0.11415446549654,0.3547870814800262
error_threshold_0p5km,medium_regularized,0.8038589641915389,0.9131165443966608,0.1108546778559684,0.3448315858840942
error_threshold_0p5km,more_capacity,0.7961873613590742,0.9098883885656462,0.1120741665363311,0.3496437072753906
error_threshold_1km,strong_regularization,0.7841316239544849,0.944731587078408,0.0776429399847984,0.2536489367485046
error_threshold_1km,low_depth,0.7834264146872829,0.9447211373222936,0.0769432634115219,0.2521740198135376
error_threshold_1km,baseline,0.781760232555081,0.9420231213872832,0.0750838667154312,0.2440741658210754
error_threshold_1km,shallow_regularized,0.7796848320052893,0.9430913225364091,0.0763686671853065,0.2465836107730865
error_threshold_1km,medium_regularized,0.7775185554172219,0.9406899269211408,0.0752826854586601,0.2429552227258682
error_threshold_1km,more_capacity,0.7755619967675781,0.9392087694631048,0.0751353278756141,0.2405621856451034
error_threshold_2km,strong_regularization,0.6479293322156773,0.9450931811374754,0.0572653524577617,0.1891235113143921
error_threshold_2km,baseline,0.6416170777343156,0.940170499295595,0.054591204971075,0.1783897280693054
error_threshold_2km,shallow_regularized,0.6352212931612211,0.9386833727134568,0.0568678304553031,0.1861768811941146
error_threshold_2km,low_depth,0.6347516517374789,0.9403852596314908,0.0593578442931175,0.1956408470869064
error_threshold_2km,medium_regularized,0.6344164397033674,0.9386758294785184,0.0550687275826931,0.1794176697731018
error_threshold_2km,more_capacity,0.6326641715955148,0.9381991635883612,0.0545943118631839,0.1786999553442001
error_threshold_5km,more_capacity,0.2812055305673347,0.938880153594068,0.0278918575495481,0.0961872190237045
error_threshold_5km,strong_regularization,0.2800318017310138,0.9415475264403582,0.0374507457017898,0.1191850826144218
error_threshold_5km,shallow_regularized,0.275648121043835,0.9379695129015708,0.0350975655019283,0.1113870814442634
error_threshold_5km,baseline,0.2741252841928762,0.9394706963041428,0.0299885459244251,0.0985651761293411
error_threshold_5km,medium_regularized,0.2738237573835343,0.9387613168043164,0.0298771802335977,0.0990601107478141
error_threshold_5km,low_depth,0.266663760041211,0.9312534136612656,0.0451252423226833,0.140224352478981
reference_delay_1h,low_depth,0.6978714242196755,0.9220372979693328,0.0962069183588028,0.3032803833484649
reference_delay_1h,strong_regularization,0.6932088587344893,0.9204608371322006,0.0971340760588646,0.3074421882629394
reference_delay_1h,shallow_regularized,0.6819926902900458,0.9126674955104296,0.0985321402549743,0.3080820441246032
reference_delay_1h,baseline,0.6779258796938401,0.9102306948473546,0.0971793159842491,0.30449178814888
reference_delay_1h,medium_regularized,0.6726276459298692,0.9049283050145046,0.1002369076013565,0.3100752234458923
reference_delay_1h,more_capacity,0.6563351945960786,0.8945633374775522,0.1047317087650299,0.3257212042808532
reference_delay_2h,low_depth,0.7510061212404996,0.932117169982348,0.081865593791008,0.2661902606487274
reference_delay_2h,strong_regularization,0.7460357258396547,0.933202614379085,0.0820627436041832,0.2673291265964508
reference_delay_2h,shallow_regularized,0.7419268493668859,0.9275410524307048,0.0822367891669273,0.2647096216678619
reference_delay_2h,medium_regularized,0.7295369610876723,0.920769428939459,0.0832035765051841,0.2674697041511535
reference_delay_2h,baseline,0.7289303722493523,0.9217960975144316,0.083483025431633,0.2697318196296692
reference_delay_2h,more_capacity,0.7184901712274437,0.913962883450217,0.0857109874486923,0.2756541669368744
reference_delay_4h,strong_regularization,0.7759976046828229,0.94198653830683,0.078371949493885,0.257131427526474
reference_delay_4h,shallow_regularized,0.7732069150759417,0.9392871678897796,0.0778019428253173,0.2533576488494873
reference_delay_4h,baseline,0.7706054840572258,0.9373598038251708,0.0761420428752899,0.2495944797992706
reference_delay_4h,low_depth,0.7691757049782046,0.9399272985140888,0.080001100897789,0.2605658769607544
reference_delay_4h,medium_regularized,0.7689372097905699,0.9354934017442398,0.0761499255895614,0.2486704289913177
reference_delay_4h,more_capacity,0.7676212843226066,0.9330938951608818,0.0768597424030304,0.2495436817407608
reference_delay_6h,strong_regularization,0.7841316239544849,0.944731587078408,0.0776429399847984,0.2536489367485046
reference_delay_6h,low_depth,0.7834264146872829,0.9447211373222936,0.0769432634115219,0.2521740198135376
reference_delay_6h,baseline,0.781760232555081,0.9420231213872832,0.0750838667154312,0.2440741658210754
reference_delay_6h,shallow_regularized,0.7796848320052893,0.9430913225364091,0.0763686671853065,0.2465836107730865
reference_delay_6h,medium_regularized,0.7775185554172219,0.9406899269211408,0.0752826854586601,0.2429552227258682
reference_delay_6h,more_capacity,0.7755619967675781,0.9392087694631048,0.0751353278756141,0.2405621856451034
