experiment,held_out_satellite,configuration,threshold,test_positive_rate,raw_accuracy,raw_precision,raw_recall,raw_f1,raw_roc_auc,raw_pr_auc,raw_brier,raw_logloss,calibrated_accuracy,calibrated_precision,calibrated_recall,calibrated_f1,calibrated_roc_auc,calibrated_pr_auc,calibrated_brier,calibrated_logloss,calibration_coefficient,calibration_intercept
error_threshold_0p5km,GPS BIIR-2,strong_regularization,0.385,0.0698529411764705,0.9191176470588236,0.3333333333333333,0.1578947368421052,0.2142857142857142,0.8992094861660079,0.3543532029815787,0.0532374866306781,0.1788105368614196,0.9301470588235294,0.0,0.0,0.0,0.8992094861660079,0.3543532029815787,0.0578872263431549,0.1916650384664535,1.2146009,-0.9074803
error_threshold_0p5km,Hubble Space Telescope,strong_regularization,0.34,0.5266106442577031,0.5350140056022409,0.5310734463276836,1.0,0.6937269372693727,0.7966291073901548,0.7870997587460118,0.2381227612495422,0.6995341777801514,0.6442577030812325,0.6055363321799307,0.9308510638297872,0.7337526205450734,0.7966291073901548,0.7870997587460118,0.1908132135868072,0.5802777409553528,1.1665992,-0.9521659
error_threshold_0p5km,ISS,strong_regularization,0.305,0.5903846153846154,0.7365384615384616,0.7374301675977654,0.8599348534201955,0.793984962406015,0.802579865730758,0.8382824754994171,0.1891373544931411,0.5673114657402039,0.7019230769230769,0.861904761904762,0.5895765472312704,0.7001934235976789,0.802579865730758,0.8382824754994171,0.2700372040271759,0.7971646785736084,1.0468066,-1.1261684
error_threshold_0p5km,NOAA 19,strong_regularization,0.335,0.0030349013657056,0.7663125948406677,0.0128205128205128,1.0,0.0253164556962025,0.8234398782343988,0.012713706172124,0.0519859530031681,0.1841863691806793,0.8148710166919575,0.0161290322580645,1.0,0.0317460317460317,0.8234398782343988,0.012713706172124,0.0371380373835563,0.1400088816881179,1.1133711,-0.26805833
error_threshold_0p5km,Sentinel-1A,strong_regularization,0.39,0.2953451043338684,0.7383627608346709,0.6981132075471698,0.2010869565217391,0.3122362869198312,0.7520488759037338,0.5586995862276697,0.1922837942838668,0.5772674679756165,0.7078651685393258,0.6666666666666666,0.0217391304347826,0.0421052631578947,0.7520488759037338,0.5586995862276697,0.2491510361433029,0.9234197735786438,1.4597682,-1.0899054
error_threshold_0p5km,TDRS-5,strong_regularization,0.42,0.1036585365853658,0.7804878048780488,0.2682926829268293,0.6470588235294118,0.3793103448275862,0.751500600240096,0.2212274959274419,0.1021699234843254,0.3265401721000671,0.8536585365853658,0.0,0.0,0.0,0.751500600240096,0.2212274959274419,0.0900761187076568,0.3119865655899048,1.1420169,-0.7536345
error_threshold_1km,GPS BIIR-2,strong_regularization,0.43,0.0036764705882352,0.9963235294117648,0.0,0.0,0.0,0.966789667896679,0.1,0.0039879968389868,0.0297567322850227,0.9963235294117648,0.0,0.0,0.0,0.966789667896679,0.1,0.0036102526355534,0.0186062417924404,1.3860425,-0.81378615
error_threshold_1km,Hubble Space Telescope,strong_regularization,0.47,0.3165266106442577,0.6582633053221288,0.4805194805194805,0.9823008849557522,0.6453488372093024,0.8642463368634847,0.6633393931797527,0.2234541922807693,0.664885938167572,0.7703081232492998,0.5962732919254659,0.8495575221238938,0.7007299270072993,0.8642463368634847,0.6633393931797527,0.1612008213996887,0.5082111358642578,1.4268161,-1.0517212
error_threshold_1km,ISS,strong_regularization,0.49,0.4096153846153846,0.7519230769230769,0.85,0.4788732394366197,0.6126126126126126,0.8414690094967198,0.7522868895738561,0.1965406388044357,0.605309784412384,0.6596153846153846,0.8103448275862069,0.2206572769953051,0.3468634686346863,0.8414690094967198,0.7522868895738561,0.2642081081867218,0.9370800256729126,1.1260322,-1.315053
error_threshold_1km,NOAA 19,strong_regularization,0.45,0.0,1.0,0.0,0.0,0.0,,,0.0009115091525018,0.019771322607994,1.0,0.0,0.0,0.0,,,9.012284135678784e-05,0.0048158871941268,1.3621229,-0.2831909
error_threshold_1km,Sentinel-1A,strong_regularization,0.44,0.1396468699839486,0.5730337078651685,0.2279635258358662,0.8620689655172413,0.3605769230769231,0.7980892949047864,0.3711230631291064,0.2277062535285949,0.6542778015136719,0.7463884430176565,0.3101604278074866,0.6666666666666666,0.4233576642335766,0.7980892949047864,0.3711230631291064,0.1560235768556594,0.4712734520435333,1.4332908,-0.8349886
error_threshold_1km,TDRS-5,strong_regularization,0.465,0.024390243902439,0.975609756097561,0.0,0.0,0.0,0.709375,0.0490124130179666,0.0242041647434234,0.1379294842481613,0.975609756097561,0.0,0.0,0.0,0.709375,0.0490124130179666,0.0243766009807586,0.2006610333919525,1.3442117,-0.8048219
error_threshold_2km,GPS BIIR-2,strong_regularization,0.25,0.0,1.0,0.0,0.0,0.0,,,6.822187970101368e-06,0.0020670089870691,1.0,0.0,0.0,0.0,,,2.9780787258459895e-07,0.0003905934863723,1.1325403,-0.87715536
error_threshold_2km,Hubble Space Telescope,strong_regularization,0.285,0.1764705882352941,0.6974789915966386,0.3602484472049689,0.9206349206349206,0.5178571428571429,0.8724489795918368,0.4976596248988742,0.1320778727531433,0.412558376789093,0.8207282913165266,0.495049504950495,0.7936507936507936,0.6097560975609756,0.8724489795918368,0.4976596248988742,0.1085334494709968,0.3426984846591949,1.1218498,-0.708206
error_threshold_2km,ISS,strong_regularization,0.245,0.2576923076923076,0.8076923076923077,0.6888888888888889,0.4626865671641791,0.5535714285714286,0.8550769468718584,0.6207358699047603,0.1789671331644058,0.6286552548408508,0.7423076923076923,0.0,0.0,0.0,0.8550769468718584,0.6207358699047603,0.2238965779542923,0.9121271967887878,1.0435947,-1.2719349
error_threshold_2km,NOAA 19,strong_regularization,0.3,0.0,1.0,0.0,0.0,0.0,,,0.0001863476936705,0.0082121724262833,1.0,0.0,0.0,0.0,,,2.788863639580086e-05,0.0028525886591523,1.1141161,-0.5947667
error_threshold_2km,Sentinel-1A,strong_regularization,0.29,0.0481540930979133,0.4237560192616372,0.0659630606860158,0.8333333333333334,0.1222493887530562,0.7443788645306353,0.1603321796113922,0.227225512266159,0.6552519798278809,0.6902086677367576,0.1062801932367149,0.7333333333333333,0.1856540084388185,0.7443788645306353,0.1603321796113922,0.1076040491461753,0.3529777824878692,1.0264564,-1.060075
error_threshold_2km,TDRS-5,strong_regularization,0.25,0.0,1.0,0.0,0.0,0.0,,,9.281362872570752e-05,0.0079563986510038,1.0,0.0,0.0,0.0,,,5.947254521743162e-06,0.0019077985780313,1.1310122,-0.83174944
error_threshold_5km,GPS BIIR-2,more_capacity,0.235,0.0,1.0,0.0,0.0,0.0,,,3.3228531037821085e-07,0.0001873350411187,1.0,0.0,0.0,0.0,,,4.050127699883888e-06,0.0013703040312975,0.6558894,-0.78259164
error_threshold_5km,Hubble Space Telescope,more_capacity,0.19,0.0504201680672268,0.8543417366946778,0.1851851851851851,0.5555555555555556,0.2777777777777778,0.8910193379219928,0.3393938819594215,0.0436311289668083,0.1485729664564132,0.84593837535014,0.175438596491228,0.5555555555555556,0.2666666666666666,0.8910193379219928,0.3393938819594215,0.0421592257916927,0.15325528383255,0.61217546,-0.46754128
error_threshold_5km,ISS,more_capacity,0.24,0.1096153846153846,0.8903846153846153,0.0,0.0,0.0,0.7486264256754196,0.2553982092184898,0.1092075332999229,0.8271863460540771,0.8903846153846153,0.0,0.0,0.0,0.7486264256754196,0.2553982092184898,0.1070727407932281,0.5441922545433044,0.6086625,-0.32047585
error_threshold_5km,NOAA 19,more_capacity,0.095,0.0,1.0,0.0,0.0,0.0,,,3.7910983792244224e-06,0.0011415926273912,1.0,0.0,0.0,0.0,,,4.523812094703317e-05,0.0048602786846458,0.6497296,-0.7217843
error_threshold_5km,Sentinel-1A,more_capacity,0.205,0.0080256821829855,0.9919743178170144,0.0,0.0,0.0,0.6187702265372168,0.0129256537217655,0.0088607994839549,0.0558993630111217,0.9919743178170144,0.0,0.0,0.0,0.6187702265372168,0.0129256537217655,0.008838640525937,0.0561388134956359,0.6380876,-0.92822605
error_threshold_5km,TDRS-5,more_capacity,0.195,0.0,1.0,0.0,0.0,0.0,,,1.5753570551169105e-05,0.0027747356798499,1.0,0.0,0.0,0.0,,,0.0001466875110054,0.0101132523268461,0.62088084,-0.80843365
reference_delay_1h,GPS BIIR-2,low_depth,0.195,0.0,1.0,0.0,0.0,0.0,,,0.0006960421451367,0.017289699986577,1.0,0.0,0.0,0.0,,,4.878588151768781e-05,0.0033070277422666,1.3564954,-0.47842067
reference_delay_1h,Hubble Space Telescope,low_depth,0.24,0.3604651162790697,0.3604651162790697,0.3604651162790697,1.0,0.5299145299145299,0.6818181818181819,0.4642431501161774,0.3337854146957397,1.0221458673477173,0.4883720930232558,0.410958904109589,0.967741935483871,0.5769230769230769,0.6818181818181819,0.4642431501161774,0.2650423347949981,0.816828727722168,1.1944277,-1.0795938
reference_delay_1h,ISS,low_depth,0.35,0.3675213675213675,0.6923076923076923,0.7058823529411765,0.2790697674418604,0.4,0.8128535512256443,0.7160802334764905,0.2561772167682647,0.8692559003829956,0.6324786324786325,0.0,0.0,0.0,0.8128535512256443,0.7160802334764905,0.3034456372261047,1.1170415878295898,0.9115924,-1.064946
reference_delay_1h,NOAA 19,low_depth,0.245,0.0,1.0,0.0,0.0,0.0,,,0.0031423950567841,0.0359600558876991,1.0,0.0,0.0,0.0,,,0.0007231154013425,0.0144714023917913,1.2870431,-0.23665518
reference_delay_1h,Sentinel-1A,low_depth,0.34,0.15527950310559,0.7701863354037267,0.3235294117647059,0.44,0.3728813559322034,0.7339705882352942,0.3023500663240934,0.130876213312149,0.4217880070209503,0.7950310559006211,0.3461538461538461,0.36,0.3529411764705882,0.7339705882352942,0.3023500663240934,0.1240700110793113,0.4035062491893768,1.5185493,-0.4960395
reference_delay_1h,TDRS-5,low_depth,0.235,0.0,1.0,0.0,0.0,0.0,,,1.5912955859676003e-05,0.0033312570303678,1.0,0.0,0.0,0.0,,,1.839729293351411e-07,0.0003214033786207,1.3249716,-0.5726979
reference_delay_2h,GPS BIIR-2,low_depth,0.325,0.0099009900990099,0.99009900990099,0.0,0.0,0.0,0.99,0.5,0.0085180178284645,0.0365763083100318,0.99009900990099,0.0,0.0,0.0,0.99,0.5,0.0094134490936994,0.0381424725055694,1.3960928,-0.4749094
reference_delay_2h,Hubble Space Telescope,low_depth,0.44,0.3178807947019867,0.6026490066225165,0.4433962264150943,0.9791666666666666,0.6103896103896104,0.8056229773462783,0.5522998371408704,0.2448064237833023,0.7417643070220947,0.6887417218543046,0.5064935064935064,0.8125,0.624,0.8056229773462783,0.5522998371408704,0.2003704905509948,0.6375412344932556,1.3025745,-0.76219696
reference_delay_2h,ISS,low_depth,0.395,0.3761904761904762,0.7714285714285715,0.8297872340425532,0.4936708860759494,0.6190476190476191,0.8340419364189777,0.7549118148371446,0.1946872174739837,0.6290506720542908,0.7523809523809524,0.8461538461538461,0.4177215189873418,0.559322033898305,0.8340419364189777,0.7549118148371446,0.2329325675964355,0.8342613577842712,1.0153835,-0.9748112
reference_delay_2h,NOAA 19,low_depth,0.27,0.0,1.0,0.0,0.0,0.0,,,0.0013059307821094,0.0223222803324461,1.0,0.0,0.0,0.0,,,0.0004032797296531,0.0096615441143512,1.3036796,0.0428613
reference_delay_2h,Sentinel-1A,low_depth,0.235,0.1654411764705882,0.7389705882352942,0.3375,0.6,0.432,0.7561918746940773,0.3795261344187784,0.1214829310774803,0.3930790424346924,0.8235294117647058,0.4666666666666667,0.4666666666666667,0.4666666666666667,0.7561918746940773,0.3795261344187784,0.1234036087989807,0.4078760743141174,1.4691421,-0.38155055
reference_delay_2h,TDRS-5,low_depth,0.43,0.0,1.0,0.0,0.0,0.0,,,6.963033683859976e-06,0.0016214719507843,1.0,0.0,0.0,0.0,,,7.331333762294889e-08,0.0001247285981662,1.3721672,-0.44702896
reference_delay_4h,GPS BIIR-2,strong_regularization,0.23,0.0050251256281407,0.9949748743718592,0.0,0.0,0.0,0.9646464646464646,0.125,0.0050075226463377,0.0298494957387447,0.9949748743718592,0.0,0.0,0.0,0.9646464646464646,0.125,0.0048748031258583,0.0225438978523015,1.3633426,-0.70281136
reference_delay_4h,Hubble Space Telescope,strong_regularization,0.285,0.3346007604562737,0.4980988593155893,0.4,1.0,0.5714285714285714,0.8664285714285715,0.6693934428763872,0.2224373072385788,0.6721118092536926,0.7072243346007605,0.5345911949685535,0.9659090909090908,0.6882591093117408,0.8664285714285715,0.6693934428763872,0.1573886722326278,0.501824676990509,1.2934949,-1.0697292
reference_delay_4h,ISS,strong_regularization,0.385,0.4005102040816326,0.7704081632653061,0.8764044943820225,0.4968152866242038,0.6341463414634146,0.861092288928039,0.7998886978894749,0.1822620183229446,0.5630791187286377,0.7448979591836735,0.88,0.4203821656050955,0.5689655172413793,0.861092288928039,0.7998886978894749,0.2363653033971786,0.8106351494789124,1.0435411,-1.138628
reference_delay_4h,NOAA 19,strong_regularization,0.305,0.0,1.0,0.0,0.0,0.0,,,0.0012494747061282,0.0234253872185945,1.0,0.0,0.0,0.0,,,0.0001820580946514,0.0071865706704556,1.287748,-0.32743415
reference_delay_4h,Sentinel-1A,strong_regularization,0.23,0.1273100616016427,0.2217659137577002,0.1405895691609977,1.0,0.246520874751491,0.8030360531309297,0.3277552284948303,0.2023907154798507,0.5967379808425903,0.6262833675564682,0.2297297297297297,0.8225806451612904,0.3591549295774648,0.8030360531309297,0.3277552284948303,0.1383733004331588,0.4309178590774536,1.4579744,-0.72424483
reference_delay_4h,TDRS-5,strong_regularization,0.22,0.017094017094017,0.9829059829059827,0.0,0.0,0.0,0.8456521739130435,0.0763157894736842,0.0169083625078201,0.0914386063814163,0.9829059829059827,0.0,0.0,0.0,0.8456521739130435,0.0763157894736842,0.0170780308544635,0.1312425285577774,1.3517667,-0.75565195
reference_delay_6h,GPS BIIR-2,strong_regularization,0.43,0.0036764705882352,0.9963235294117648,0.0,0.0,0.0,0.966789667896679,0.1,0.0039879968389868,0.0297567322850227,0.9963235294117648,0.0,0.0,0.0,0.966789667896679,0.1,0.0036102526355534,0.0186062417924404,1.3860425,-0.81378615
reference_delay_6h,Hubble Space Telescope,strong_regularization,0.47,0.3165266106442577,0.6582633053221288,0.4805194805194805,0.9823008849557522,0.6453488372093024,0.8642463368634847,0.6633393931797527,0.2234541922807693,0.664885938167572,0.7703081232492998,0.5962732919254659,0.8495575221238938,0.7007299270072993,0.8642463368634847,0.6633393931797527,0.1612008213996887,0.5082111358642578,1.4268161,-1.0517212
reference_delay_6h,ISS,strong_regularization,0.49,0.4096153846153846,0.7519230769230769,0.85,0.4788732394366197,0.6126126126126126,0.8414690094967198,0.7522868895738561,0.1965406388044357,0.605309784412384,0.6596153846153846,0.8103448275862069,0.2206572769953051,0.3468634686346863,0.8414690094967198,0.7522868895738561,0.2642081081867218,0.9370800256729126,1.1260322,-1.315053
reference_delay_6h,NOAA 19,strong_regularization,0.45,0.0,1.0,0.0,0.0,0.0,,,0.0009115091525018,0.019771322607994,1.0,0.0,0.0,0.0,,,9.012284135678784e-05,0.0048158871941268,1.3621229,-0.2831909
reference_delay_6h,Sentinel-1A,strong_regularization,0.44,0.1396468699839486,0.5730337078651685,0.2279635258358662,0.8620689655172413,0.3605769230769231,0.7980892949047864,0.3711230631291064,0.2277062535285949,0.6542778015136719,0.7463884430176565,0.3101604278074866,0.6666666666666666,0.4233576642335766,0.7980892949047864,0.3711230631291064,0.1560235768556594,0.4712734520435333,1.4332908,-0.8349886
reference_delay_6h,TDRS-5,strong_regularization,0.465,0.024390243902439,0.975609756097561,0.0,0.0,0.0,0.709375,0.0490124130179666,0.0242041647434234,0.1379294842481613,0.975609756097561,0.0,0.0,0.0,0.709375,0.0490124130179666,0.0243766009807586,0.2006610333919525,1.3442117,-0.8048219
