outer,model,candidate,inner_ap,inner_brier,candidate_C
GPS BIIR-2,xgboost,baseline,0.5529292003547749,0.1312274371192622,
GPS BIIR-2,xgboost,shallow_regularized,0.5543775501439749,0.12232354201669272,
GPS BIIR-2,xgboost,medium_regularized,0.5427893315373254,0.13156162314835393,
GPS BIIR-2,xgboost,strong_regularization,0.6090226312793073,0.11148887767661601,
GPS BIIR-2,xgboost,low_depth,0.597853815023996,0.11519826144258845,
GPS BIIR-2,xgboost,more_capacity,0.5156191918047602,0.14088426205684854,
GPS BIIR-2,logistic_regression,,0.5291498286119579,0.1552531131427727,0.01
GPS BIIR-2,logistic_regression,,0.5144827260095906,0.16862568957801033,0.1
GPS BIIR-2,logistic_regression,,0.43952331100760716,0.16975293356764956,1.0
GPS BIIR-2,logistic_regression,,0.5575623426770168,0.11862298480057909,10.0
GPS BIIR-2,logistic_regression,,0.6905191277973508,0.12054857191119307,100.0
Hubble Space Telescope,xgboost,baseline,0.615899402606023,0.17297114794172674,
Hubble Space Telescope,xgboost,shallow_regularized,0.5947415954784343,0.19148483934021687,
Hubble Space Telescope,xgboost,medium_regularized,0.6271274033907691,0.19218327989029044,
Hubble Space Telescope,xgboost,strong_regularization,0.5904451658547815,0.19155665795779375,
Hubble Space Telescope,xgboost,low_depth,0.6318741321982627,0.17477576499745162,
Hubble Space Telescope,xgboost,more_capacity,0.6689085709123463,0.18274205564955998,
Hubble Space Telescope,logistic_regression,,0.44307006990192627,0.20655640624018834,0.01
Hubble Space Telescope,logistic_regression,,0.4165029754149966,0.2075395208732036,0.1
Hubble Space Telescope,logistic_regression,,0.5114042224288183,0.20586396182488267,1.0
Hubble Space Telescope,logistic_regression,,0.1157565116438671,0.15709711017378022,10.0
Hubble Space Telescope,logistic_regression,,0.1118126889291772,0.1569633797140449,100.0
ISS,xgboost,baseline,0.47793025202927386,0.13441117759299556,
ISS,xgboost,shallow_regularized,0.4195767796406786,0.16629103321508867,
ISS,xgboost,medium_regularized,0.445690701164282,0.15020109596444145,
ISS,xgboost,strong_regularization,0.43700152573658213,0.1667670752412558,
ISS,xgboost,low_depth,0.4253586487542572,0.1636764373200923,
ISS,xgboost,more_capacity,0.4692940199787302,0.13626707744288444,
ISS,logistic_regression,,0.32416107926341176,0.18842617695317404,0.01
ISS,logistic_regression,,0.31667366028164357,0.18987005211194324,0.1
ISS,logistic_regression,,0.37490774638768865,0.18894850017221143,1.0
ISS,logistic_regression,,0.23738409626102588,0.11418174479712533,10.0
ISS,logistic_regression,,0.21592903772942718,0.10383150295292738,100.0
NOAA 19,xgboost,baseline,0.5101992063797993,0.16017700983539557,
NOAA 19,xgboost,shallow_regularized,0.5819383309853642,0.1371244101118986,
NOAA 19,xgboost,medium_regularized,0.5560241259176539,0.14585650898193786,
NOAA 19,xgboost,strong_regularization,0.5837187488739061,0.13175534443736228,
NOAA 19,xgboost,low_depth,0.5742196266673795,0.14007693507476843,
NOAA 19,xgboost,more_capacity,0.504522332691441,0.1631203745929258,
NOAA 19,logistic_regression,,0.386113095132471,0.31839494275631186,0.01
NOAA 19,logistic_regression,,0.3706914905148445,0.36143917234475653,0.1
NOAA 19,logistic_regression,,0.35192425791006143,0.3772609583789096,1.0
NOAA 19,logistic_regression,,0.34842172730664817,0.3791574528842991,10.0
NOAA 19,logistic_regression,,0.3463725085533429,0.38021326944203854,100.0
Sentinel-1A,xgboost,baseline,0.6378689466405507,0.09456075665381929,
Sentinel-1A,xgboost,shallow_regularized,0.697587844201628,0.08368667591898286,
Sentinel-1A,xgboost,medium_regularized,0.6507351546302093,0.09326815035186808,
Sentinel-1A,xgboost,strong_regularization,0.7193935361640517,0.080891928304531,
Sentinel-1A,xgboost,low_depth,0.6992949545472977,0.08385958795170531,
Sentinel-1A,xgboost,more_capacity,0.5993644042091064,0.1029612192856955,
Sentinel-1A,logistic_regression,,0.17618915415853353,0.39977703205302395,0.01
Sentinel-1A,logistic_regression,,0.1748961607924573,0.48848169340997133,0.1
Sentinel-1A,logistic_regression,,0.1787384478172525,0.5324720693973687,1.0
Sentinel-1A,logistic_regression,,0.17551519151403178,0.5375393291903242,10.0
Sentinel-1A,logistic_regression,,0.1707142083202507,0.5380504795689885,100.0
TDRS-5,xgboost,baseline,0.4780113170948679,0.15613559904281774,
TDRS-5,xgboost,shallow_regularized,0.5376794218089953,0.13909733517383,
TDRS-5,xgboost,medium_regularized,0.4685424472323977,0.1582351655044571,
TDRS-5,xgboost,strong_regularization,0.5763748364537478,0.1259671256064816,
TDRS-5,xgboost,low_depth,0.5926007327335298,0.11408681609958263,
TDRS-5,xgboost,more_capacity,0.46832644177537386,0.1433709712262079,
TDRS-5,logistic_regression,,0.5471988853370472,0.14818514562566212,0.01
TDRS-5,logistic_regression,,0.5886477541601385,0.15348992316581506,0.1
TDRS-5,logistic_regression,,0.5403609224922109,0.12959472966170044,1.0
TDRS-5,logistic_regression,,0.6620704629146298,0.10275618022451868,10.0
TDRS-5,logistic_regression,,0.702901019359524,0.11351921487527641,100.0
