comparison,satellite,test_positives,delta_roc_auc,delta_average_precision,delta_brier,delta_log_loss,delta_f1
xgb_oof_platt_minus_horizon_only,GPS BIIR-2,1,0.07749077490774914,0.067948717948718,,,-0.0303030303030303
xgb_oof_platt_minus_horizon_only,Hubble Space Telescope,113,0.007797765849412497,-0.007065778525894406,,,-0.11555555555555563
xgb_oof_platt_minus_horizon_only,ISS,213,-0.007959810983162896,0.005575509039093873,,,-0.3276361258989446
xgb_oof_platt_minus_horizon_only,NOAA 19,0,,,,,0.0
xgb_oof_platt_minus_horizon_only,Sentinel-1A,87,0.028531909418425094,0.07626684979356191,,,-0.09067601144339177
xgb_oof_platt_minus_horizon_only,TDRS-5,4,0.010937499999999933,0.033666551471784004,,,-0.1276595744680851
xgb_oof_platt_minus_age_plus_horizon,GPS BIIR-2,1,-0.03690036900369009,-0.4166666666666667,,,-0.015625
xgb_oof_platt_minus_age_plus_horizon,Hubble Space Telescope,113,-0.008341796024952886,-0.04393630636102741,,,-0.1367149758454107
xgb_oof_platt_minus_age_plus_horizon,ISS,213,-0.018710525913351983,-0.025242680948660334,,,-0.3363236951671152
xgb_oof_platt_minus_age_plus_horizon,NOAA 19,0,,,,,0.0
xgb_oof_platt_minus_age_plus_horizon,Sentinel-1A,87,0.008052410361983231,0.05119762135773204,,,-0.0956585724797645
xgb_oof_platt_minus_age_plus_horizon,TDRS-5,4,-0.01562500000000011,0.0010172716627635109,,,-0.08
xgb_oof_platt_minus_logistic_regression_raw,GPS BIIR-2,1,-0.03690036900369009,-0.4166666666666667,0.0005991460692654996,0.015847232361637698,0.0
xgb_oof_platt_minus_logistic_regression_raw,Hubble Space Telescope,113,-0.01766284636587845,-0.04186270169304118,-0.3247465054135623,-0.968873463624491,0.06359338061465719
xgb_oof_platt_minus_logistic_regression_raw,ISS,213,-0.017181263476625408,-0.02849631649977935,0.12738361688314162,0.4320475674335601,-0.05152415923529752
xgb_oof_platt_minus_logistic_regression_raw,NOAA 19,0,,,-0.0697697838334059,-0.22590374853656497,0.0
xgb_oof_platt_minus_logistic_regression_raw,Sentinel-1A,87,0.02366400754846454,-0.04428292473539858,0.122342645043882,0.305149101965086,0.10371544942946873
xgb_oof_platt_minus_logistic_regression_raw,TDRS-5,4,-0.014062499999999978,0.0038496376811594096,-0.0005804543019406021,-0.2787266143204848,0.0
xgb_oof_platt_minus_training_prevalence,GPS BIIR-2,1,0.45940959409594095,0.0796568627450981,-0.0581768436223369,-0.2503896420941339,0.0
xgb_oof_platt_minus_training_prevalence,Hubble Space Telescope,113,0.3516611054693167,0.3291929263933816,-0.0429495537700976,-0.11641806837876367,0.5444444444444444
xgb_oof_platt_minus_training_prevalence,ISS,213,0.33753880503433187,0.3378823217173449,-0.019289253799469164,0.00965691280370029,0.2868217054263566
xgb_oof_platt_minus_training_prevalence,NOAA 19,0,,,-0.10017035151564,-0.3429166221653874,0.0
xgb_oof_platt_minus_training_prevalence,Sentinel-1A,87,0.29991207754331795,0.23410096029526362,0.09080644268063229,0.2008740794556309,0.3487858719646799
xgb_oof_platt_minus_training_prevalence,TDRS-5,4,0.3203125,0.0729655253283302,-0.048466954885306494,-0.1935834546546909,0.0
