outer_satellite,n_train,n_validation,n_oof_calibration,n_test,test_positives,test_prevalence,xgb_configuration,logistic_C,model,selected_threshold,training_prevalence,roc_auc,average_precision,f1,precision,recall,accuracy,predicted_positive_rate,brier,log_loss
GPS BIIR-2,12037,1802,1802,272,1,0.003676470588235294,strong_regularization,100.0,nested_xgboost_raw,0.39,0.2460746033064717,0.959409594095941,0.08333333333333333,0.0,0.0,0.0,0.9963235294117647,0.0,0.00407799143591643,0.03118738262719885
GPS BIIR-2,12037,1802,1802,272,1,0.003676470588235294,strong_regularization,100.0,nested_xgboost_oof_platt,0.305,0.2460746033064717,0.959409594095941,0.08333333333333333,0.0,0.0,0.0,0.9963235294117647,0.0,0.004242965275199948,0.0361886093007306
GPS BIIR-2,12037,1802,1802,272,1,0.003676470588235294,strong_regularization,100.0,logistic_regression_raw,0.11,0.2460746033064717,0.996309963099631,0.5,0.0,0.0,0.0,0.9963235294117647,0.0,0.0036438192059344045,0.02034137693909291
GPS BIIR-2,12037,1802,1802,272,1,0.003676470588235294,strong_regularization,100.0,logistic_regression_oof_platt,0.28500000000000003,0.2460746033064717,0.996309963099631,0.5,0.0,0.0,0.0,0.9963235294117647,0.0,0.0036340491737477895,0.01931957721451502
GPS BIIR-2,12037,1802,1802,272,1,0.003676470588235294,strong_regularization,100.0,horizon_only,48.0,0.2460746033064717,0.8819188191881918,0.015384615384615385,0.030303030303030304,0.015384615384615385,1.0,0.7647058823529411,0.23897058823529413,,
GPS BIIR-2,12037,1802,1802,272,1,0.003676470588235294,strong_regularization,100.0,age_plus_horizon,30.064253644444445,0.2460746033064717,0.996309963099631,0.5,0.015625,0.007874015748031496,1.0,0.5367647058823529,0.46691176470588236,,
GPS BIIR-2,12037,1802,1802,272,1,0.003676470588235294,strong_regularization,100.0,training_prevalence,0.5,0.2460746033064717,0.5,0.003676470588235294,0.0,0.0,0.0,0.9963235294117647,0.0,0.06241980889753689,0.2865782513948645
Hubble Space Telescope,11623,1724,1724,357,113,0.3165266106442577,more_capacity,1.0,nested_xgboost_raw,0.9,0.22679170609997418,0.8516611054693167,0.6457195370376393,0.5444444444444444,0.7313432835820896,0.4336283185840708,0.7703081232492998,0.1876750700280112,0.20715715270837493,0.6420927645968251
Hubble Space Telescope,11623,1724,1724,357,113,0.3165266106442577,more_capacity,1.0,nested_xgboost_oof_platt,0.35500000000000004,0.22679170609997418,0.8516611054693167,0.6457195370376393,0.5444444444444444,0.7313432835820896,0.4336283185840708,0.7703081232492998,0.1876750700280112,0.18144031472179034,0.5290138383994708
Hubble Space Telescope,11623,1724,1724,357,113,0.3165266106442577,more_capacity,1.0,logistic_regression_raw,0.465,0.22679170609997418,0.8693239518351952,0.6875822387306805,0.4808510638297872,0.3165266106442577,1.0,0.3165266106442577,1.0,0.5061868201353527,1.4978873020239618
Hubble Space Telescope,11623,1724,1724,357,113,0.3165266106442577,more_capacity,1.0,logistic_regression_oof_platt,0.35000000000000003,0.22679170609997418,0.8693239518351952,0.6875822387306805,0.0,0.0,0.0,0.6834733893557423,0.0,0.22346386508509808,0.6406327514788009
Hubble Space Telescope,11623,1724,1724,357,113,0.3165266106442577,more_capacity,1.0,horizon_only,48.0,0.22679170609997418,0.8438633396199042,0.6527853155635337,0.66,0.7586206896551724,0.584070796460177,0.8095238095238095,0.24369747899159663,,
Hubble Space Telescope,11623,1724,1724,357,113,0.3165266106442577,more_capacity,1.0,age_plus_horizon,29.837287715555554,0.22679170609997418,0.8600029014942696,0.6896558433986667,0.6811594202898551,0.5766871165644172,0.831858407079646,0.7535014005602241,0.4565826330532213,,
Hubble Space Telescope,11623,1724,1724,357,113,0.3165266106442577,more_capacity,1.0,training_prevalence,0.5,0.22679170609997418,0.5,0.3165266106442577,0.0,0.0,0.0,0.6834733893557423,0.0,0.2243898684918879,0.6454319067782345
ISS,9391,1568,1568,520,213,0.4096153846153846,baseline,1.0,nested_xgboost_raw,0.8150000000000001,0.11010542008305825,0.8375388050343319,0.7474977063327295,0.2868217054263566,0.8222222222222222,0.17370892018779344,0.6461538461538462,0.08653846153846154,0.20942205538027472,0.6784505350257956
ISS,9391,1568,1568,520,213,0.4096153846153846,baseline,1.0,nested_xgboost_oof_platt,0.26,0.11010542008305825,0.8375388050343319,0.7474977063327295,0.2868217054263566,0.8222222222222222,0.17370892018779344,0.6461538461538462,0.08653846153846154,0.3122475863564613,0.9822680097236894
ISS,9391,1568,1568,520,213,0.4096153846153846,baseline,1.0,logistic_regression_raw,0.64,0.11010542008305825,0.8547200685109573,0.7759940228325088,0.3383458646616541,0.8490566037735849,0.2112676056338028,0.6615384615384615,0.10192307692307692,0.1848639694733197,0.5502204422901293
ISS,9391,1568,1568,520,213,0.4096153846153846,baseline,1.0,logistic_regression_oof_platt,0.29500000000000004,0.11010542008305825,0.8547200685109573,0.7759940228325088,0.0,0.0,0.0,0.5903846153846154,0.0,0.3274889448905786,0.9534327295466736
ISS,9391,1568,1568,520,213,0.4096153846153846,baseline,1.0,horizon_only,48.0,0.11010542008305825,0.8454986160174948,0.7419221972936356,0.6144578313253012,0.8571428571428571,0.4788732394366197,0.7538461538461538,0.22884615384615384,,
ISS,9391,1568,1568,520,213,0.4096153846153846,baseline,1.0,age_plus_horizon,39.54656432888889,0.11010542008305825,0.8562493309476839,0.7727403872813898,0.6231454005934718,0.8467741935483871,0.49295774647887325,0.7557692307692307,0.23846153846153847,,
ISS,9391,1568,1568,520,213,0.4096153846153846,baseline,1.0,training_prevalence,0.5,0.11010542008305825,0.5,0.4096153846153846,0.0,0.0,0.0,0.5903846153846154,0.0,0.33153684015593055,0.9726110969199891
NOAA 19,9060,1525,1525,659,0,0.0,strong_regularization,0.01,nested_xgboost_raw,0.31,0.32141280353200885,,,0.0,0.0,0.0,1.0,0.0,0.001108364416180355,0.022368237951393824
NOAA 19,9060,1525,1525,659,0,0.0,strong_regularization,0.01,nested_xgboost_oof_platt,0.325,0.32141280353200885,,,0.0,0.0,0.0,1.0,0.0,0.003135838758665756,0.044825672213151285
NOAA 19,9060,1525,1525,659,0,0.0,strong_regularization,0.01,logistic_regression_raw,0.265,0.32141280353200885,,,0.0,0.0,0.0,0.7663125948406677,0.2336874051593323,0.07290562259207166,0.27072942074971623
NOAA 19,9060,1525,1525,659,0,0.0,strong_regularization,0.01,logistic_regression_oof_platt,0.155,0.32141280353200885,,,0.0,0.0,0.0,0.7663125948406677,0.2336874051593323,0.021452612827783105,0.15416833140774722
NOAA 19,9060,1525,1525,659,0,0.0,strong_regularization,0.01,horizon_only,24.0,0.32141280353200885,,,0.0,0.0,0.0,0.5189681335356601,0.48103186646433993,,
NOAA 19,9060,1525,1525,659,0,0.0,strong_regularization,0.01,age_plus_horizon,35.331157893333334,0.32141280353200885,,,0.0,0.0,0.0,0.7450682852807283,0.2549317147192716,,
NOAA 19,9060,1525,1525,659,0,0.0,strong_regularization,0.01,training_prevalence,0.5,0.32141280353200885,,,0.0,0.0,0.0,1.0,0.0,0.10330619027430574,0.38774229437853863
Sentinel-1A,8985,1532,1532,623,87,0.13964686998394862,strong_regularization,1.0,nested_xgboost_raw,0.465,0.25742904841402336,0.799912077543318,0.3737478302792122,0.34725274725274724,0.21467391304347827,0.9080459770114943,0.5232744783306581,0.5906902086677368,0.2877372963687206,0.8020202333640637
Sentinel-1A,8985,1532,1532,623,87,0.13964686998394862,strong_regularization,1.0,nested_xgboost_oof_platt,0.38,0.25742904841402336,0.799912077543318,0.3737478302792122,0.3487858719646799,0.21584699453551912,0.9080459770114943,0.5264847512038523,0.5874799357945425,0.22482470592400103,0.6464492372305687
Sentinel-1A,8985,1532,1532,623,87,0.13964686998394862,strong_regularization,1.0,logistic_regression_raw,0.01,0.25742904841402336,0.7762480699948534,0.41803075501461084,0.24507042253521127,0.13964686998394862,1.0,0.13964686998394862,1.0,0.10248206088011905,0.3413001352654827
Sentinel-1A,8985,1532,1532,623,87,0.13964686998394862,strong_regularization,1.0,logistic_regression_oof_platt,0.16,0.25742904841402336,0.7762480699948534,0.41803075501461084,0.24507042253521127,0.13964686998394862,1.0,0.13964686998394862,1.0,0.12033285316776854,0.4052030206804296
Sentinel-1A,8985,1532,1532,623,87,0.13964686998394862,strong_regularization,1.0,horizon_only,48.0,0.25742904841402336,0.7713801681248929,0.2974809804856503,0.43946188340807174,0.3602941176470588,0.5632183908045977,0.7993579454253612,0.21829855537720708,,
Sentinel-1A,8985,1532,1532,623,87,0.13964686998394862,strong_regularization,1.0,age_plus_horizon,35.56673786666667,0.25742904841402336,0.7918596671813347,0.32255020892148023,0.4444444444444444,0.35374149659863946,0.5977011494252874,0.7913322632423756,0.23595505617977527,,
Sentinel-1A,8985,1532,1532,623,87,0.13964686998394862,strong_regularization,1.0,training_prevalence,0.5,0.25742904841402336,0.5,0.13964686998394862,0.0,0.0,0.0,0.8603531300160514,0.0,0.13401826324336874,0.44557515777493784
TDRS-5,12074,1859,1859,164,4,0.024390243902439025,low_depth,100.0,nested_xgboost_raw,0.29500000000000004,0.2445751200927613,0.8203125,0.09735576923076922,0.0,0.0,0.0,0.975609756097561,0.0,0.024167316498643225,0.13663546378537583
TDRS-5,12074,1859,1859,164,4,0.024390243902439025,low_depth,100.0,nested_xgboost_oof_platt,0.25,0.2445751200927613,0.8203125,0.09735576923076922,0.0,0.0,0.0,0.975609756097561,0.0,0.02380978472245968,0.11439776741021089
TDRS-5,12074,1859,1859,164,4,0.024390243902439025,low_depth,100.0,logistic_regression_raw,0.095,0.2445751200927613,0.834375,0.09350613154960982,0.0,0.0,0.0,0.975609756097561,0.0,0.024390239024400254,0.3931243817306956
TDRS-5,12074,1859,1859,164,4,0.024390243902439025,low_depth,100.0,logistic_regression_oof_platt,0.225,0.2445751200927613,0.834375,0.09350613154960982,0.0,0.0,0.0,0.975609756097561,0.0,0.024390239024400254,0.3931243817306956
TDRS-5,12074,1859,1859,164,4,0.024390243902439025,low_depth,100.0,horizon_only,48.0,0.2445751200927613,0.8093750000000001,0.0636892177589852,0.1276595744680851,0.06976744186046512,0.75,0.75,0.2621951219512195,,
TDRS-5,12074,1859,1859,164,4,0.024390243902439025,low_depth,100.0,age_plus_horizon,29.930974684444443,0.2445751200927613,0.8359375000000001,0.09633849756800578,0.08,0.041666666666666664,1.0,0.43902439024390244,0.5853658536585366,,
TDRS-5,12074,1859,1859,164,4,0.024390243902439025,low_depth,100.0,training_prevalence,0.5,0.2445751200927613,0.5,0.024390243902439025,0.0,0.0,0.0,0.975609756097561,0.0,0.07227673960776611,0.3079812220649017
