model,subset,folds,two_class_folds,roc_auc_mean,average_precision_mean,brier_mean,log_loss_mean,f1_mean,precision_mean,recall_mean,ap_lift_mean
nested_xgboost_raw,all_defined_folds,6,5,0.8537668164285815,0.38953083524273674,0.12227836280135168,0.3854591028917755,0.196419816187258,0.294706569807965,0.25256386929722646,6.63990499322049
nested_xgboost_raw,exclude_GPS_one_positive,5,4,0.8273561220117416,0.46608021072008754,0.14591843707443874,0.4563134469446909,0.2357037794247096,0.35364788376955797,0.3030766431566717,2.633214574858803
nested_xgboost_raw,positive_event_folds,5,5,0.8537668164285815,0.38953083524273674,0.14651236247838598,0.4580772758798518,0.2357037794247096,0.35364788376955797,0.3030766431566717,6.63990499322049
nested_xgboost_oof_platt,all_defined_folds,6,5,0.8537668164285815,0.38953083524273674,0.12495019929309632,0.3921905223796369,0.19667533697258013,0.29490208338997176,0.25256386929722646,6.63990499322049
nested_xgboost_oof_platt,exclude_GPS_one_positive,5,4,0.8273561220117416,0.46608021072008754,0.1490916460966756,0.46339090499541824,0.23601040436709617,0.3538825000679661,0.3030766431566717,2.633214574858803
nested_xgboost_oof_platt,positive_event_folds,5,5,0.8537668164285815,0.38953083524273674,0.14931307139998246,0.46166349241293403,0.23601040436709617,0.3538825000679661,0.3030766431566717,6.63990499322049
logistic_regression_raw,all_defined_folds,6,5,0.8661954106881273,0.49502262962548205,0.14907875521853292,0.5122671764998464,0.17737789183777541,0.21753834740029854,0.3685446009389672,29.37879091755851
logistic_regression_raw,exclude_GPS_one_positive,5,4,0.8336667725852515,0.49377828703185245,0.17816574242105263,0.6106523364119971,0.2128534702053305,0.2610460168803582,0.4422535211267606,2.7234886469472586
logistic_regression_raw,positive_event_folds,5,5,0.8661954106881273,0.49502262962548205,0.1643133817438252,0.5605747276498725,0.2128534702053305,0.2610460168803582,0.4422535211267606,29.37879091755851
logistic_regression_oof_platt,all_defined_folds,6,5,0.8661954106881273,0.49502262962548205,0.12012709402822935,0.427646798676477,0.0408450704225352,0.0232744783306581,0.16666666666666666,29.37879091755851
logistic_regression_oof_platt,exclude_GPS_one_positive,5,4,0.8336667725852515,0.49377828703185245,0.1434257029991257,0.5093122429688695,0.04901408450704224,0.02792937399678972,0.2,2.7234886469472586
logistic_regression_oof_platt,positive_event_folds,5,5,0.8661954106881273,0.49502262962548205,0.1398619902683186,0.482342492130223,0.04901408450704224,0.02792937399678972,0.2,29.37879091755851
horizon_only,all_defined_folds,6,5,0.8304071885900968,0.35425246529728405,,,0.3119803865840814,0.3435349536150281,0.5626937377835657,2.5599431170413482
horizon_only,exclude_GPS_one_positive,5,4,0.817529280940573,0.4389694277754512,,,0.3683158578402916,0.4091650212611107,0.4752324853402789,2.153775050147818
horizon_only,positive_event_folds,5,5,0.8304071885900968,0.35425246529728405,,,0.3743764639008976,0.41224194433803374,0.6752324853402788,2.5599431170413482
age_plus_horizon,all_defined_folds,6,5,0.868071872544584,0.4762569874339085,,,0.30739571088796186,0.30445724818769027,0.6537528838306345,29.26499221224089
age_plus_horizon,exclude_GPS_one_positive,5,4,0.8360123499058221,0.4703212342923856,,,0.36574985306555424,0.36377389467562204,0.5845034605967613,2.581240265300238
age_plus_horizon,positive_event_folds,5,5,0.868071872544584,0.4762569874339085,,,0.36887485306555423,0.36534869782522833,0.7845034605967613,29.26499221224089
training_prevalence,all_defined_folds,6,5,0.5,0.17877111594685302,0.15465795177846595,0.5076533215519111,0.0,0.0,0.0,1.0
training_prevalence,exclude_GPS_one_positive,5,4,0.5,0.22254477728650748,0.1731055803546518,0.5518683355833204,0.0,0.0,0.0,1.0
training_prevalence,positive_event_folds,5,5,0.5,0.17877111594685302,0.164928304079298,0.5316355269865856,0.0,0.0,0.0,1.0
