outer_satellite,model,calibration_slope,calibration_intercept,oof_rows,oof_positive_rate
GPS BIIR-2,xgboost,0.8055724227233777,-0.4672203024015145,1802,0.19089900110987792
GPS BIIR-2,logistic_regression,1.2735967449081746,1.737931810337437,1802,0.19089900110987792
Hubble Space Telescope,xgboost,0.8314721650112913,-2.4300980329451862,1724,0.1531322505800464
Hubble Space Telescope,logistic_regression,0.1450861577118068,-1.9209760811396877,1724,0.1531322505800464
ISS,xgboost,0.5227587151041334,-1.820761074307375,1568,0.10714285714285714
ISS,logistic_regression,0.1033620527961237,-2.011462782405404,1568,0.10714285714285714
NOAA 19,xgboost,0.7493127512460565,-0.1332141685727509,1525,0.22557377049180327
NOAA 19,logistic_regression,0.30643266989001333,-1.3681793830065077,1525,0.22557377049180327
Sentinel-1A,xgboost,0.9155839837998154,-0.3652712405544644,1532,0.1671018276762402
Sentinel-1A,logistic_regression,0.024565459271515922,-1.513663383651412,1532,0.1671018276762402
TDRS-5,xgboost,0.7008245297622944,-0.4881540749452724,1859,0.18504572350726198
TDRS-5,logistic_regression,1.273756965814319,1.6624906879818038,1859,0.18504572350726198
