outer_satellite,model,model_brier,training_prevalence_null_brier,brier_skill_score
GPS BIIR-2,nested_xgboost_raw,0.0040779914359164,0.0624198088975368,0.934668312704858
Hubble Space Telescope,nested_xgboost_raw,0.2071571527083749,0.2243898684918879,0.07679810099864648
ISS,nested_xgboost_raw,0.2094220553802747,0.3315368401559305,0.368329458404146
NOAA 19,nested_xgboost_raw,0.0011083644161803,0.1033061902743057,0.9892710745286677
Sentinel-1A,nested_xgboost_raw,0.2877372963687206,0.1340182632433687,-1.147000635623876
TDRS-5,nested_xgboost_raw,0.0241673164986432,0.0722767396077661,0.6656280204420506
GPS BIIR-2,nested_xgboost_oof_platt,0.0042429652751999,0.0624198088975368,0.9320253401902463
Hubble Space Telescope,nested_xgboost_oof_platt,0.1814403147217903,0.2243898684918879,0.19140594028936875
ISS,nested_xgboost_oof_platt,0.3122475863564613,0.3315368401559305,0.0581813284773931
NOAA 19,nested_xgboost_oof_platt,0.0031358387586657,0.1033061902743057,0.9696451998632492
Sentinel-1A,nested_xgboost_oof_platt,0.224824705924001,0.1340182632433687,-0.6775676723681572
TDRS-5,nested_xgboost_oof_platt,0.0238097847224596,0.0722767396077661,0.6705747263687963
GPS BIIR-2,logistic_regression_raw,0.0036438192059344,0.0624198088975368,0.9416239929232114
Hubble Space Telescope,logistic_regression_raw,0.5061868201353527,0.2243898684918879,-1.2558363420657392
ISS,logistic_regression_raw,0.1848639694733197,0.3315368401559305,0.44240293360347727
NOAA 19,logistic_regression_raw,0.0729056225920716,0.1033061902743057,0.29427634105480427
Sentinel-1A,logistic_regression_raw,0.102482060880119,0.1340182632433687,0.23531272231145062
TDRS-5,logistic_regression_raw,0.0243902390244002,0.0722767396077661,0.66254372905084
GPS BIIR-2,logistic_regression_oof_platt,0.0036340491737477,0.0624198088975368,0.9417805142641008
Hubble Space Telescope,logistic_regression_oof_platt,0.223463865085098,0.2243898684918879,0.004126761217043917
ISS,logistic_regression_oof_platt,0.3274889448905786,0.3315368401559305,0.012209488584882577
NOAA 19,logistic_regression_oof_platt,0.0214526128277831,0.1033061902743057,0.7923395222414006
Sentinel-1A,logistic_regression_oof_platt,0.1203328531677685,0.1340182632433687,0.10211600825440015
TDRS-5,logistic_regression_oof_platt,0.0243902390244002,0.0722767396077661,0.66254372905084
